"STATION","NAME","LATITUDE","LONGITUDE","ELEVATION","DATE","AWND","AWND_ATTRIBUTES","PGTM","PGTM_ATTRIBUTES","PRCP","PRCP_ATTRIBUTES","SNOW","SNOW_ATTRIBUTES","SNWD","SNWD_ATTRIBUTES","TAVG","TAVG_ATTRIBUTES","TMAX","TMAX_ATTRIBUTES","TMIN","TMIN_ATTRIBUTES","WDF2","WDF2_ATTRIBUTES","WDF5","WDF5_ATTRIBUTES","WSF2","WSF2_ATTRIBUTES","WSF5","WSF5_ATTRIBUTES","WT01","WT01_ATTRIBUTES","WT02","WT02_ATTRIBUTES","WT03","WT03_ATTRIBUTES","WT08","WT08_ATTRIBUTES"
"USW00003966","ST LOUIS SPIRIT OF ST LOUIS AIRPORT, MO US","38.65752","-90.65577","139.5","2021-01-01","9.17",",,W",,,"0.63",",,W",,,,,,,"34",",,W","30",",,W","   40",",,W","   70",",,W","18.1",",,W","25.9",",,W","    1",",,W",,,,,,
"USW00003966","ST LOUIS SPIRIT OF ST LOUIS AIRPORT, MO US","38.65752","-90.65577","139.5","2021-01-02","3.36",",,W",,,"0.01",",,W",,,,,,,"34",",,W","31",",,W","  280",",,W","  300",",,W","8.9",",,W","11.0",",,W","    1",",,W",,,,,,
"USW00003966","ST LOUIS SPIRIT OF ST LOUIS AIRPORT, MO US","38.65752","-90.65577","139.5","2021-01-03","4.92",",,W",,,"0.00","T,,W",,,,,,,"34",",,W","26",",,W","  250",",,W","  240",",,W","13.0",",,W","21.0",",,W","    1",",,W",,,,,"    1",",,W"
"USW00003966","ST LOUIS SPIRIT OF ST LOUIS AIRPORT, MO US","38.65752","-90.65577","139.5","2021-01-04","5.37",",,W",,,"0.00",",,W","0.0",",,W","0.0",",,W",,,"38",",,W","31",",,W","  290",",,W","  280",",,W","18.1",",,W","25.9",",,W","    1",",,W","    1",",,W",,,,
"USW00003966","ST LOUIS SPIRIT OF ST LOUIS AIRPORT, MO US","38.65752","-90.65577","139.5","2021-01-05","2.46",",,W",,,"0.00",",,W","0.0",",,W","0.0",",,W",,,"51",",,W","23",",,W","  280",",,W","  280",",,W","10.1",",,W","16.1",",,W","    1",",,W","    1",",,W",,,,
"USW00003966","ST LOUIS SPIRIT OF ST LOUIS AIRPORT, MO US","38.65752","-90.65577","139.5","2021-01-06","6.71",",,W",,,"0.00",",,W","0.0",",,W","0.0",",,W",,,"46",",,W","27",",,W","   80",",,W","   90",",,W","14.1",",,W","19.9",",,W",,,,,,,"    1",",,W"
"USW00003966","ST LOUIS SPIRIT OF ST LOUIS AIRPORT, MO US","38.65752","-90.65577","139.5","2021-01-07","9.84",",,W",,,"0.00",",,W","0.0",",,W","0.0",",,W",,,"38",",,W","33",",,W","   40",",,W","   30",",,W","15.0",",,W","19.9",",,W",,,,,,,,
"USW00003966","ST LOUIS SPIRIT OF ST LOUIS AIRPORT, MO US","38.65752","-90.65577","139.5","2021-01-08","8.72",",,W",,,"0.00",",,W","0.0",",,W","0.0",",,W",,,"35",",,W","32",",,W","  330",",,W","  360",",,W","14.1",",,W","17.0",",,W",,,,,,,"    1",",,W"
"USW00003966","ST LOUIS SPIRIT OF ST LOUIS AIRPORT, MO US","38.65752","-90.65577","139.5","2021-01-09","6.71",",,W",,,"0.00",",,W","0.0",",,W","0.0",",,W",,,"32",",,W","29",",,W","  340",",,W","  330",",,W","12.1",",,W","17.0",",,W",,,,,,,"    1",",,W"
"USW00003966","ST LOUIS SPIRIT OF ST LOUIS AIRPORT, MO US","38.65752","-90.65577","139.5","2021-01-10","5.82",",,W",,,"0.00",",,W","0.0",",,W","0.0",",,W",,,"30",",,W","28",",,W","  340",",,W","  320",",,W","12.1",",,W","15.0",",,W",,,,,,,"    1",",,W"
"USW00003966","ST LOUIS SPIRIT OF ST LOUIS AIRPORT, MO US","38.65752","-90.65577","139.5","2021-01-11","4.70",",,W",,,"0.00",",,W","0.0",",,W","0.0",",,W",,,"36",",,W","23",",,W","  240",",,W","  220",",,W","12.1",",,W","16.1",",,W",,,,,,,"    1",",,W"
"USW00003966","ST LOUIS SPIRIT OF ST LOUIS AIRPORT, MO US","38.65752","-90.65577","139.5","2021-01-12","8.95",",,W",,,"0.00",",,W","0.0",",,W","0.0",",,W",,,"54",",,W","27",",,W","  240",",,W","  240",",,W","17.0",",,W","25.1",",,W",,,,,,,"    1",",,W"
"USW00003966","ST LOUIS SPIRIT OF ST LOUIS AIRPORT, MO US","38.65752","-90.65577","139.5","2021-01-13","8.28",",,W",,,"0.00",",,W","0.0",",,W","0.0",",,W",,,"54",",,W","30",",,W","  240",",,W","  250",",,W","16.1",",,W","23.0",",,W",,,,,,,,
"USW00003966","ST LOUIS SPIRIT OF ST LOUIS AIRPORT, MO US","38.65752","-90.65577","139.5","2021-01-14","8.50",",,W",,,"0.08",",,W",,,"0.0",",,W",,,"50",",,W","34",",,W","  270",",,W","  280",",,W","25.1",",,W","38.9",",,W","    1",",,W",,,,,,
"USW00003966","ST LOUIS SPIRIT OF ST LOUIS AIRPORT, MO US","38.65752","-90.65577","139.5","2021-01-15","10.96",",,W",,,"0.03",",,W",,,"0.0",",,W",,,"36",",,W","33",",,W","  220",",,W","  220",",,W","19.9",",,W","29.1",",,W","    1",",,W",,,,,,
"USW00003966","ST LOUIS SPIRIT OF ST LOUIS AIRPORT, MO US","38.65752","-90.65577","139.5","2021-01-16","8.95",",,W",,,"0.00","T,,W",,,,,,,"35",",,W","30",",,W","  250",",,W","  240",",,W","17.0",",,W","23.9",",,W",,,,,,,"    1",",,W"
"USW00003966","ST LOUIS SPIRIT OF ST LOUIS AIRPORT, MO US","38.65752","-90.65577","139.5","2021-01-17","8.05",",,W",,,"0.00","T,,W",,,,,,,"39",",,W","30",",,W","  280",",,W","  320",",,W","19.9",",,W","25.9",",,W","    1",",,W",,,,,,
"USW00003966","ST LOUIS SPIRIT OF ST LOUIS AIRPORT, MO US","38.65752","-90.65577","139.5","2021-01-18","4.70",",,W",,,"0.00","T,,W","0.0",",,W","0.0",",,W",,,"43",",,W","26",",,W","  250",",,W","  240",",,W","12.1",",,W","16.1",",,W",,,,,,,,
"USW00003966","ST LOUIS SPIRIT OF ST LOUIS AIRPORT, MO US","38.65752","-90.65577","139.5","2021-01-19","7.16",",,W",,,"0.00",",,W","0.0",",,W","0.0",",,W",,,"40",",,W","29",",,W","  310",",,W","  300",",,W","18.1",",,W","27.1",",,W","    1",",,W","    1",",,W",,,"    1",",,W"
"USW00003966","ST LOUIS SPIRIT OF ST LOUIS AIRPORT, MO US","38.65752","-90.65577","139.5","2021-01-20","7.83",",,W",,,"0.00",",,W","0.0",",,W","0.0",",,W",,,"50",",,W","19",",,W","  220",",,W","  210",",,W","17.0",",,W","25.1",",,W",,,,,,,,
"USW00003966","ST LOUIS SPIRIT OF ST LOUIS AIRPORT, MO US","38.65752","-90.65577","139.5","2021-01-21","6.04",",,W",,,"0.00",",,W","0.0",",,W","0.0",",,W",,,"54",",,W","26",",,W","  230",",,W","  220",",,W","16.1",",,W","21.9",",,W",,,,,,,,
"USW00003966","ST LOUIS SPIRIT OF ST LOUIS AIRPORT, MO US","38.65752","-90.65577","139.5","2021-01-22","6.93",",,W",,,"0.00",",,W","0.0",",,W","0.0",",,W",,,"38",",,W","19",",,W","   10",",,W","  330",",,W","14.1",",,W","19.9",",,W",,,,,,,,
"USW00003966","ST LOUIS SPIRIT OF ST LOUIS AIRPORT, MO US","38.65752","-90.65577","139.5","2021-01-23","6.04",",,W",,,"0.01",",,W",,,"0.0",",,W",,,"39",",,W","15",",,W","  100",",,W","  100",",,W","14.1",",,W","21.0",",,W",,,,,,,,
"USW00003966","ST LOUIS SPIRIT OF ST LOUIS AIRPORT, MO US","38.65752","-90.65577","139.5","2021-01-24","3.13",",,W",,,"0.00","T,,W","0.0",",,W","0.0",",,W",,,"43",",,W","33",",,W","   60",",,W","   70",",,W","10.1",",,W","14.1",",,W",,,,,,,,
"USW00003966","ST LOUIS SPIRIT OF ST LOUIS AIRPORT, MO US","38.65752","-90.65577","139.5","2021-01-25","8.72",",,W",,,"1.15",",,W","0.0",",,W","0.0",",,W",,,"39",",,W","34",",,W","   70",",,W","  100",",,W","18.1",",,W","25.1",",,W","    1",",,W",,,,,,
"USW00003966","ST LOUIS SPIRIT OF ST LOUIS AIRPORT, MO US","38.65752","-90.65577","139.5","2021-01-26","8.05",",,W",,,"0.00",",,W","0.0",",,W","0.0",",,W",,,"39",",,W","30",",,W","  290",",,W","  290",",,W","18.1",",,W","23.0",",,W","    1",",,W",,,,,"    1",",,W"
"USW00003966","ST LOUIS SPIRIT OF ST LOUIS AIRPORT, MO US","38.65752","-90.65577","139.5","2021-01-27","8.28",",,W",,,"0.14",",,W",,,"0.0",",,W",,,"30",",,W","25",",,W","  340",",,W","   10",",,W","14.1",",,W","19.9",",,W","    1",",,W","    1",",,W",,,"    1",",,W"
"USW00003966","ST LOUIS SPIRIT OF ST LOUIS AIRPORT, MO US","38.65752","-90.65577","139.5","2021-01-28","4.03",",,W",,,"0.00",",,W","0.0",",,W",,,,,"33",",,W","9",",,W","  100",",,W","   80",",,W","8.9",",,W","13.0",",,W","    1",",,W",,,,,"    1",",,W"
"USW00003966","ST LOUIS SPIRIT OF ST LOUIS AIRPORT, MO US","38.65752","-90.65577","139.5","2021-01-29","4.47",",,W",,,"0.00",",,W","0.0",",,W",,,,,"43",",,W","15",",,W","   90",",,W","  140",",,W","10.1",",,W","16.1",",,W",,,,,,,,
"USW00003966","ST LOUIS SPIRIT OF ST LOUIS AIRPORT, MO US","38.65752","-90.65577","139.5","2021-01-30","6.26",",,W",,,"1.19",",,W",,,,,,,"46",",,W","35",",,W","  130",",,W","  120",",,W","17.0",",,W","25.9",",,W","    1",",,W",,,,,,
"USW00003966","ST LOUIS SPIRIT OF ST LOUIS AIRPORT, MO US","38.65752","-90.65577","139.5","2021-01-31","15.88",",,W",,,"0.00","T,,W",,,,,,,"47",",,W","33",",,W","  290",",,W","  300",",,W","25.1",",,W","36.9",",,W","    1",",,W",,,,,"    1",",,W"
"USW00003966","ST LOUIS SPIRIT OF ST LOUIS AIRPORT, MO US","38.65752","-90.65577","139.5","2021-02-01","12.08",",,W",,,"0.00",",,W","0.0",",,W",,,,,"34",",,W","30",",,W","  310",",,W","  310",",,W","21.0",",,W","32.0",",,W",,,,,,,"    1",",,W"
"USW00003966","ST LOUIS SPIRIT OF ST LOUIS AIRPORT, MO US","38.65752","-90.65577","139.5","2021-02-02","3.80",",,W",,,"0.00",",,W","0.0",",,W",,,,,"41",",,W","25",",,W","  330",",,W","  320",",,W","10.1",",,W","13.0",",,W",,,,,,,"    1",",,W"
"USW00003966","ST LOUIS SPIRIT OF ST LOUIS AIRPORT, MO US","38.65752","-90.65577","139.5","2021-02-03","4.70",",,W",,,"0.00",",,W","0.0",",,W",,,,,"48",",,W","23",",,W","  130",",,W","  150",",,W","12.1",",,W","18.1",",,W","    1",",,W",,,,,"    1",",,W"
"USW00003966","ST LOUIS SPIRIT OF ST LOUIS AIRPORT, MO US","38.65752","-90.65577","139.5","2021-02-04","11.86",",,W",,,"0.22",",,W",,,,,,,"44",",,W","26",",,W","  300",",,W","  300",",,W","35.1",",,W","45.0",",,W","    1",",,W",,,,,"    1",",,W"
"USW00003966","ST LOUIS SPIRIT OF ST LOUIS AIRPORT, MO US","38.65752","-90.65577","139.5","2021-02-05","10.51",",,W",,,"0.00",",,W","0.0",",,W","0.0",",,W",,,"44",",,W","24",",,W","  240",",,W","  250",",,W","23.0",",,W","32.0",",,W",,,,,,,,
"USW00003966","ST LOUIS SPIRIT OF ST LOUIS AIRPORT, MO US","38.65752","-90.65577","139.5","2021-02-06","8.28",",,W",,,"0.01",",,W",,,"0.0",",,W",,,"30",",,W","14",",,W","  330",",,W","  330",",,W","16.1",",,W","21.9",",,W","    1",",,W",,,,,"    1",",,W"
"USW00003966","ST LOUIS SPIRIT OF ST LOUIS AIRPORT, MO US","38.65752","-90.65577","139.5","2021-02-07","7.16",",,W",,,"0.00",",,W","0.0",",,W",,,,,"17",",,W","5",",,W","  330",",,W","  320",",,W","15.0",",,W","19.9",",,W",,,,,,,,
"USW00003966","ST LOUIS SPIRIT OF ST LOUIS AIRPORT, MO US","38.65752","-90.65577","139.5","2021-02-08","7.83",",,W",,,"0.01",",,W",,,,,,,"23",",,W","15",",,W","   20",",,W","   30",",,W","13.0",",,W","17.0",",,W","    1",",,W",,,,,"    1",",,W"
"USW00003966","ST LOUIS SPIRIT OF ST LOUIS AIRPORT, MO US","38.65752","-90.65577","139.5","2021-02-09","8.28",",,W",,,"0.00","T,,W",,,,,,,"19",",,W","13",",,W","   10",",,W","   20",",,W","13.0",",,W","16.1",",,W","    1",",,W",,,,,,
"USW00003966","ST LOUIS SPIRIT OF ST LOUIS AIRPORT, MO US","38.65752","-90.65577","139.5","2021-02-10","9.17",",,W",,,"0.03",",,W",,,,,,,"19",",,W","14",",,W","  350",",,W","   10",",,W","14.1",",,W","18.1",",,W","    1",",,W",,,,,"    1",",,W"
"USW00003966","ST LOUIS SPIRIT OF ST LOUIS AIRPORT, MO US","38.65752","-90.65577","139.5","2021-02-11","9.17",",,W",,,"0.00","T,,W",,,,,,,"22",",,W","13",",,W","  330",",,W","   40",",,W","16.1",",,W","23.0",",,W",,,,,,,"    1",",,W"
"USW00003966","ST LOUIS SPIRIT OF ST LOUIS AIRPORT, MO US","38.65752","-90.65577","139.5","2021-02-12","10.74",",,W",,,"0.00","T,,W",,,,,,,"19",",,W","7",",,W","  330",",,W","  350",",,W","18.1",",,W","23.9",",,W",,,,,,,,
"USW00003966","ST LOUIS SPIRIT OF ST LOUIS AIRPORT, MO US","38.65752","-90.65577","139.5","2021-02-13","10.51",",,W",,,"0.00","T,,W",,,,,,,"12",",,W","2",",,W","  310",",,W","  320",",,W","16.1",",,W","23.0",",,W",,,,,,,,
"USW00003966","ST LOUIS SPIRIT OF ST LOUIS AIRPORT, MO US","38.65752","-90.65577","139.5","2021-02-14","10.96",",,W",,,"0.00","T,,W",,,,,,,"7",",,W","-1",",,W","  330",",,W","  330",",,W","18.1",",,W","25.9",",,W",,,,,,,,
"USW00003966","ST LOUIS SPIRIT OF ST LOUIS AIRPORT, MO US","38.65752","-90.65577","139.5","2021-02-15","10.96",",,W",,,,,,,,,,,"4",",,W","-1",",,W","  320",",,W","  320",",,W","18.1",",,W","25.9",",,W",,,,,,,"    1",",,W"
"USW00003966","ST LOUIS SPIRIT OF ST LOUIS AIRPORT, MO US","38.65752","-90.65577","139.5","2021-02-16","4.70",",,W",,,"0.00","T,,W",,,,,,,"19",",,W","-8",",,W","  280",",,W","  280",",,W","13.0",",,W","17.0",",,W",,,,,,,"    1",",,W"
"USW00003966","ST LOUIS SPIRIT OF ST LOUIS AIRPORT, MO US","38.65752","-90.65577","139.5","2021-02-17","5.82",",,W",,,"0.02",",,W",,,,,,,"19",",,W","-1",",,W","   40",",,W","  360",",,W","13.0",",,W","17.0",",,W","    1",",,W",,,,,"    1",",,W"
"USW00003966","ST LOUIS SPIRIT OF ST LOUIS AIRPORT, MO US","38.65752","-90.65577","139.5","2021-02-18","6.71",",,W",,,"0.00","T,,W",,,,,,,"25",",,W","0",",,W","  330",",,W","  320",",,W","15.0",",,W","19.0",",,W","    1",",,W",,,,,"    1",",,W"
"USW00003966","ST LOUIS SPIRIT OF ST LOUIS AIRPORT, MO US","38.65752","-90.65577","139.5","2021-02-19","2.01",",,W",,,"0.00",",,W","0.0",",,W",,,,,"31",",,W","-5",",,W","  250",",,W","  250",",,W","10.1",",,W","12.1",",,W","    1",",,W",,,,,,
"USW00003966","ST LOUIS SPIRIT OF ST LOUIS AIRPORT, MO US","38.65752","-90.65577","139.5","2021-02-20","4.03",",,W",,,"0.00",",,W","0.0",",,W",,,,,"44",",,W","4",",,W","  130",",,W","  140",",,W","12.1",",,W","18.1",",,W",,,,,,,"    1",",,W"
"USW00003966","ST LOUIS SPIRIT OF ST LOUIS AIRPORT, MO US","38.65752","-90.65577","139.5","2021-02-21","10.07",",,W",,,"0.00","T,,W","0.0",",,W",,,,,"51",",,W","22",",,W","  210",",,W","  160",",,W","23.9",",,W","42.1",",,W","    1",",,W",,,,,"    1",",,W"
"USW00003966","ST LOUIS SPIRIT OF ST LOUIS AIRPORT, MO US","38.65752","-90.65577","139.5","2021-02-22","13.42",",,W",,,"0.00",",,W","0.0",",,W",,,,,"55",",,W","34",",,W","  240",",,W","  220",",,W","21.9",",,W","30.0",",,W",,,,,,,"    1",",,W"
"USW00003966","ST LOUIS SPIRIT OF ST LOUIS AIRPORT, MO US","38.65752","-90.65577","139.5","2021-02-23","7.83",",,W",,,"0.00",",,W",,,,,,,"68",",,W","37",",,W","  240",",,W","  230",",,W","21.0",",,W","29.1",",,W",,,,,,,,
"USW00003966","ST LOUIS SPIRIT OF ST LOUIS AIRPORT, MO US","38.65752","-90.65577","139.5","2021-02-24","8.95",",,W",,,"0.00",",,W","0.0",",,W",,,,,"59",",,W","36",",,W","  310",",,W","  310",",,W","19.9",",,W","27.1",",,W",,,,,,,,
"USW00003966","ST LOUIS SPIRIT OF ST LOUIS AIRPORT, MO US","38.65752","-90.65577","139.5","2021-02-25","2.91",",,W",,,"0.00",",,W","0.0",",,W",,,,,"50",",,W","28",",,W","  350",",,W","  360",",,W","12.1",",,W","15.0",",,W",,,,,,,,
"USW00003966","ST LOUIS SPIRIT OF ST LOUIS AIRPORT, MO US","38.65752","-90.65577","139.5","2021-02-26","4.92",",,W",,,"0.00","T,,W","0.0",",,W",,,,,"52",",,W","25",",,W","  100",",,W","  110",",,W","16.1",",,W","25.1",",,W",,,,,,,,
"USW00003966","ST LOUIS SPIRIT OF ST LOUIS AIRPORT, MO US","38.65752","-90.65577","139.5","2021-02-27","4.92",",,W",,,"0.13",",,W","0.0",",,W",,,,,"61",",,W","27",",,W","  120",",,W","  110",",,W","14.1",",,W","21.9",",,W","    1",",,W","    1",",,W",,,"    1",",,W"
"USW00003966","ST LOUIS SPIRIT OF ST LOUIS AIRPORT, MO US","38.65752","-90.65577","139.5","2021-02-28","6.71",",,W",,,"0.62",",,W","0.0",",,W",,,,,"60",",,W","37",",,W","  290",",,W","  310",",,W","19.9",",,W","25.1",",,W","    1",",,W",,,"    1",",,W","    1",",,W"
"USW00003966","ST LOUIS SPIRIT OF ST LOUIS AIRPORT, MO US","38.65752","-90.65577","139.5","2021-03-01","4.92",",,W",,,"0.00",",,W","0.0",",,W","0.0",",,W",,,"52",",,W","28",",,W","   50",",,W","  310",",,W","12.1",",,W","16.1",",,W",,,,,,,,
"USW00003966","ST LOUIS SPIRIT OF ST LOUIS AIRPORT, MO US","38.65752","-90.65577","139.5","2021-03-02","3.58",",,W",,,"0.00",",,W","0.0",",,W","0.0",",,W",,,"58",",,W","24",",,W","  250",",,W","  200",",,W","18.1",",,W","33.1",",,W",,,,,,,,
"USW00003966","ST LOUIS SPIRIT OF ST LOUIS AIRPORT, MO US","38.65752","-90.65577","139.5","2021-03-03","3.80",",,W",,,"0.00",",,W","0.0",",,W","0.0",",,W",,,"70",",,W","27",",,W","  250",",,W","  240",",,W","15.0",",,W","21.0",",,W",,,,,,,,
"USW00003966","ST LOUIS SPIRIT OF ST LOUIS AIRPORT, MO US","38.65752","-90.65577","139.5","2021-03-04","6.93",",,W",,,"0.00",",,W","0.0",",,W","0.0",",,W",,,"64",",,W","30",",,W","   70",",,W","   70",",,W","17.0",",,W","23.9",",,W","    1",",,W",,,,,"    1",",,W"
"USW00003966","ST LOUIS SPIRIT OF ST LOUIS AIRPORT, MO US","38.65752","-90.65577","139.5","2021-03-05","6.71",",,W",,,"0.00",",,W","0.0",",,W","0.0",",,W",,,"52",",,W","29",",,W","   70",",,W","   70",",,W","15.0",",,W","21.9",",,W",,,,,,,,
"USW00003966","ST LOUIS SPIRIT OF ST LOUIS AIRPORT, MO US","38.65752","-90.65577","139.5","2021-03-06","1.57",",,W",,,"0.00",",,W","0.0",",,W","0.0",",,W",,,"58",",,W","30",",,W","  290",",,W","  290",",,W","10.1",",,W","14.1",",,W",,,,,,,,
"USW00003966","ST LOUIS SPIRIT OF ST LOUIS AIRPORT, MO US","38.65752","-90.65577","139.5","2021-03-07","4.03",",,W",,,"0.00",",,W","0.0",",,W","0.0",",,W",,,"68",",,W","29",",,W","  210",",,W","  210",",,W","16.1",",,W","21.0",",,W",,,,,,,"    1",",,W"
"USW00003966","ST LOUIS SPIRIT OF ST LOUIS AIRPORT, MO US","38.65752","-90.65577","139.5","2021-03-08","6.93",",,W",,,"0.00",",,W","0.0",",,W","0.0",",,W",,,"71",",,W","36",",,W","  230",",,W","  240",",,W","19.9",",,W","30.0",",,W",,,,,,,,
"USW00003966","ST LOUIS SPIRIT OF ST LOUIS AIRPORT, MO US","38.65752","-90.65577","139.5","2021-03-09","8.72",",,W",,,"0.00",",,W","0.0",",,W","0.0",",,W",,,"74",",,W","42",",,W","  180",",,W","  180",",,W","21.0",",,W","33.1",",,W",,,,,,,,
"USW00003966","ST LOUIS SPIRIT OF ST LOUIS AIRPORT, MO US","38.65752","-90.65577","139.5","2021-03-10","12.30",",,W",,,"0.00",",,W","0.0",",,W","0.0",",,W",,,"70",",,W","60",",,W","  200",",,W","  220",",,W","25.1",",,W","40.9",",,W",,,,,,,,
"USW00003966","ST LOUIS SPIRIT OF ST LOUIS AIRPORT, MO US","38.65752","-90.65577","139.5","2021-03-11","5.14",",,W",,,"0.53",",,W","0.0",",,W","0.0",",,W",,,"68",",,W","46",",,W","  290",",,W","  290",",,W","30.0",",,W","38.9",",,W","    1",",,W",,,"    1",",,W",,
"USW00003966","ST LOUIS SPIRIT OF ST LOUIS AIRPORT, MO US","38.65752","-90.65577","139.5","2021-03-12","5.59",",,W",,,"0.12",",,W","0.0",",,W","0.0",",,W",,,"58",",,W","43",",,W","   40",",,W","   50",",,W","15.0",",,W","19.9",",,W","    1",",,W",,,,,"    1",",,W"
"USW00003966","ST LOUIS SPIRIT OF ST LOUIS AIRPORT, MO US","38.65752","-90.65577","139.5","2021-03-13","7.16",",,W",,,"0.00",",,W","0.0",",,W","0.0",",,W",,,"57",",,W","46",",,W","   90",",,W","   90",",,W","13.0",",,W","19.0",",,W",,,,,,,,
"USW00003966","ST LOUIS SPIRIT OF ST LOUIS AIRPORT, MO US","38.65752","-90.65577","139.5","2021-03-14","10.74",",,W",,,"0.04",",,W","0.0",",,W","0.0",",,W",,,"54",",,W","46",",,W","   80",",,W","   90",",,W","23.0",",,W","35.1",",,W",,,,,,,,
"USW00003966","ST LOUIS SPIRIT OF ST LOUIS AIRPORT, MO US","38.65752","-90.65577","139.5","2021-03-15","6.93",",,W",,,"0.21",",,W","0.0",",,W","0.0",",,W",,,"51",",,W","44",",,W","   90",",,W","   80",",,W","23.0",",,W","32.0",",,W","    1",",,W",,,"    1",",,W","    1",",,W"
"USW00003966","ST LOUIS SPIRIT OF ST LOUIS AIRPORT, MO US","38.65752","-90.65577","139.5","2021-03-16","5.59",",,W",,,"0.00",",,W","0.0",",,W","0.0",",,W",,,"50",",,W","44",",,W","   80",",,W","  100",",,W","13.0",",,W","18.1",",,W","    1",",,W",,,,,"    1",",,W"
"USW00003966","ST LOUIS SPIRIT OF ST LOUIS AIRPORT, MO US","38.65752","-90.65577","139.5","2021-03-17","8.72",",,W",,,"1.02",",,W","0.0",",,W","0.0",",,W",,,"53",",,W","41",",,W","  340",",,W","  330",",,W","18.1",",,W","25.9",",,W","    1",",,W",,,"    1",",,W","    1",",,W"
"USW00003966","ST LOUIS SPIRIT OF ST LOUIS AIRPORT, MO US","38.65752","-90.65577","139.5","2021-03-18","12.97",",,W",,,"0.84",",,W","0.0",",,W","0.0",",,W",,,"44",",,W","41",",,W","  350",",,W","  360",",,W","21.9",",,W","36.9",",,W","    1",",,W",,,,,"    1",",,W"
"USW00003966","ST LOUIS SPIRIT OF ST LOUIS AIRPORT, MO US","38.65752","-90.65577","139.5","2021-03-19","8.50",",,W",,,"0.00",",,W","0.0",",,W","0.0",",,W",,,"53",",,W","34",",,W","   10",",,W","   50",",,W","18.1",",,W","25.9",",,W",,,,,,,,
"USW00003966","ST LOUIS SPIRIT OF ST LOUIS AIRPORT, MO US","38.65752","-90.65577","139.5","2021-03-20","4.70",",,W",,,"0.00",",,W","0.0",",,W","0.0",",,W",,,"61",",,W","27",",,W","   80",",,W","   80",",,W","13.0",",,W","21.0",",,W","    1",",,W",,,,,,
"USW00003966","ST LOUIS SPIRIT OF ST LOUIS AIRPORT, MO US","38.65752","-90.65577","139.5","2021-03-21","5.82",",,W",,,"0.00",",,W","0.0",",,W","0.0",",,W",,,"69",",,W","33",",,W","  210",",,W","  170",",,W","18.1",",,W","27.1",",,W",,,,,,,,
"USW00003966","ST LOUIS SPIRIT OF ST LOUIS AIRPORT, MO US","38.65752","-90.65577","139.5","2021-03-22","5.82",",,W",,,"0.00",",,W","0.0",",,W","0.0",",,W",,,"68",",,W","38",",,W","  140",",,W","  130",",,W","15.0",",,W","23.0",",,W",,,,,,,,
"USW00003966","ST LOUIS SPIRIT OF ST LOUIS AIRPORT, MO US","38.65752","-90.65577","139.5","2021-03-23","8.05",",,W",,,"0.21",",,W","0.0",",,W","0.0",",,W",,,"63",",,W","53",",,W","  240",",,W","  230",",,W","21.0",",,W","34.0",",,W","    1",",,W",,,,,,
"USW00003966","ST LOUIS SPIRIT OF ST LOUIS AIRPORT, MO US","38.65752","-90.65577","139.5","2021-03-24","9.17",",,W",,,"0.00",",,W","0.0",",,W","0.0",",,W",,,"65",",,W","48",",,W","  250",",,W","  220",",,W","21.9",",,W","31.1",",,W",,,,,,,,
"USW00003966","ST LOUIS SPIRIT OF ST LOUIS AIRPORT, MO US","38.65752","-90.65577","139.5","2021-03-25","6.71",",,W",,,"0.46",",,W","0.0",",,W","0.0",",,W",,,"56",",,W","45",",,W","  280",",,W","   90",",,W","14.1",",,W","19.9",",,W","    1",",,W",,,,,"    1",",,W"
"USW00003966","ST LOUIS SPIRIT OF ST LOUIS AIRPORT, MO US","38.65752","-90.65577","139.5","2021-03-26","5.37",",,W",,,"0.00","T,,W","0.0",",,W","0.0",",,W",,,"63",",,W","46",",,W","  290",",,W","  270",",,W","13.0",",,W","19.9",",,W","    1",",,W",,,,,,
"USW00003966","ST LOUIS SPIRIT OF ST LOUIS AIRPORT, MO US","38.65752","-90.65577","139.5","2021-03-27","7.16",",,W",,,"0.31",",,W","0.0",",,W","0.0",",,W",,,"81",",,W","43",",,W","  320",",,W","  330",",,W","23.0",",,W","32.0",",,W","    1",",,W",,,"    1",",,W",,
"USW00003966","ST LOUIS SPIRIT OF ST LOUIS AIRPORT, MO US","38.65752","-90.65577","139.5","2021-03-28","13.42",",,W",,,"0.01",",,W","0.0",",,W","0.0",",,W",,,"56",",,W","35",",,W","  300",",,W","  300",",,W","28.0",",,W","38.0",",,W",,,,,,,,
"USW00003966","ST LOUIS SPIRIT OF ST LOUIS AIRPORT, MO US","38.65752","-90.65577","139.5","2021-03-29","8.50",",,W",,,"0.00",",,W","0.0",",,W","0.0",",,W",,,"72",",,W","32",",,W","  170",",,W","  160",",,W","15.0",",,W","30.0",",,W",,,,,,,,
"USW00003966","ST LOUIS SPIRIT OF ST LOUIS AIRPORT, MO US","38.65752","-90.65577","139.5","2021-03-30","10.74",",,W",,,"0.00","T,,W","0.0",",,W","0.0",",,W",,,"73",",,W","51",",,W","  200",",,W","  210",",,W","21.0",",,W","32.0",",,W","    1",",,W",,,,,"    1",",,W"
"USW00003966","ST LOUIS SPIRIT OF ST LOUIS AIRPORT, MO US","38.65752","-90.65577","139.5","2021-03-31","12.08",",,W",,,"0.00",",,W","0.0",",,W","0.0",",,W",,,"54",",,W","33",",,W","  300",",,W","  280",",,W","31.1",",,W","42.9",",,W",,,,,,,,
"USW00003966","ST LOUIS SPIRIT OF ST LOUIS AIRPORT, MO US","38.65752","-90.65577","139.5","2021-04-01","5.82",",,W",,,"0.00",",,W","0.0",",,W","0.0",",,W",,,"48",",,W","27",",,W","  330",",,W","  320",",,W","16.1",",,W","23.9",",,W",,,,,,,,
"USW00003966","ST LOUIS SPIRIT OF ST LOUIS AIRPORT, MO US","38.65752","-90.65577","139.5","2021-04-02","5.59",",,W",,,"0.00",",,W","0.0",",,W","0.0",",,W",,,"58",",,W","23",",,W","  170",",,W","   90",",,W","14.1",",,W","23.0",",,W",,,,,,,,
"USW00003966","ST LOUIS SPIRIT OF ST LOUIS AIRPORT, MO US","38.65752","-90.65577","139.5","2021-04-03","6.93",",,W",,,"0.00",",,W","0.0",",,W","0.0",",,W",,,"75",",,W","37",",,W","  240",",,W","  250",",,W","21.0",",,W","32.0",",,W",,,,,,,,
"USW00003966","ST LOUIS SPIRIT OF ST LOUIS AIRPORT, MO US","38.65752","-90.65577","139.5","2021-04-04","4.70",",,W",,,"0.00",",,W","0.0",",,W","0.0",",,W",,,"79",",,W","48",",,W","  230",",,W","  210",",,W","15.0",",,W","19.9",",,W",,,,,,,,
"USW00003966","ST LOUIS SPIRIT OF ST LOUIS AIRPORT, MO US","38.65752","-90.65577","139.5","2021-04-05","6.93",",,W",,,"0.00",",,W","0.0",",,W","0.0",",,W",,,"82",",,W","48",",,W","  230",",,W","  190",",,W","19.9",",,W","28.0",",,W",,,,,,,,
"USW00003966","ST LOUIS SPIRIT OF ST LOUIS AIRPORT, MO US","38.65752","-90.65577","139.5","2021-04-06","7.83",",,W",,,"0.00",",,W","0.0",",,W","0.0",",,W",,,"83",",,W","54",",,W","  190",",,W","  210",",,W","18.1",",,W","27.1",",,W",,,,,,,"    1",",,W"
"USW00003966","ST LOUIS SPIRIT OF ST LOUIS AIRPORT, MO US","38.65752","-90.65577","139.5","2021-04-07","8.50",",,W",,,"1.14",",,W","0.0",",,W","0.0",",,W",,,"74",",,W","54",",,W","  230",",,W","  240",",,W","28.0",",,W","42.1",",,W","    1",",,W",,,"    1",",,W","    1",",,W"
"USW00003966","ST LOUIS SPIRIT OF ST LOUIS AIRPORT, MO US","38.65752","-90.65577","139.5","2021-04-08","7.83",",,W",,,"0.08",",,W","0.0",",,W","0.0",",,W",,,"55",",,W","45",",,W","  230",",,W","  250",",,W","21.9",",,W","30.0",",,W","    1",",,W",,,,,"    1",",,W"
"USW00003966","ST LOUIS SPIRIT OF ST LOUIS AIRPORT, MO US","38.65752","-90.65577","139.5","2021-04-09","6.26",",,W",,,"0.00","T,,W","0.0",",,W","0.0",",,W",,,"79",",,W","42",",,W","  240",",,W","  220",",,W","16.1",",,W","25.1",",,W","    1",",,W","    1",",,W",,,,
"USW00003966","ST LOUIS SPIRIT OF ST LOUIS AIRPORT, MO US","38.65752","-90.65577","139.5","2021-04-10","13.87",",,W",,,"1.07",",,W","0.0",",,W","0.0",",,W",,,"62",",,W","49",",,W","  250",",,W","  260",",,W","30.0",",,W","40.0",",,W","    1",",,W",,,,,"    1",",,W"
"USW00003966","ST LOUIS SPIRIT OF ST LOUIS AIRPORT, MO US","38.65752","-90.65577","139.5","2021-04-11","12.08",",,W",,,"0.00","T,,W","0.0",",,W","0.0",",,W",,,"71",",,W","46",",,W","  290",",,W","  300",",,W","28.0",",,W","40.9",",,W",,,,,,,,
"USW00003966","ST LOUIS SPIRIT OF ST LOUIS AIRPORT, MO US","38.65752","-90.65577","139.5","2021-04-12","6.26",",,W",,,"0.00",",,W","0.0",",,W","0.0",",,W",,,"68",",,W","41",",,W","  330",",,W","  320",",,W","17.0",",,W","23.9",",,W",,,,,,,,
"USW00003966","ST LOUIS SPIRIT OF ST LOUIS AIRPORT, MO US","38.65752","-90.65577","139.5","2021-04-13","3.80",",,W",,,"0.00","T,,W","0.0",",,W","0.0",",,W",,,"65",",,W","49",",,W","  330",",,W","  330",",,W","17.0",",,W","23.0",",,W",,,,,,,,
"USW00003966","ST LOUIS SPIRIT OF ST LOUIS AIRPORT, MO US","38.65752","-90.65577","139.5","2021-04-14","7.61",",,W",,,"0.00",",,W","0.0",",,W","0.0",",,W",,,"63",",,W","46",",,W","  320",",,W","  310",",,W","19.9",",,W","25.9",",,W",,,,,,,,
"USW00003966","ST LOUIS SPIRIT OF ST LOUIS AIRPORT, MO US","38.65752","-90.65577","139.5","2021-04-15","5.82",",,W",,,"0.00",",,W","0.0",",,W","0.0",",,W",,,"60",",,W","37",",,W","  330",",,W","  330",",,W","15.0",",,W","23.0",",,W",,,,,,,,
"USW00003966","ST LOUIS SPIRIT OF ST LOUIS AIRPORT, MO US","38.65752","-90.65577","139.5","2021-04-16","2.91",",,W",,,"0.05",",,W","0.0",",,W","0.0",",,W",,,"60",",,W","39",",,W","   20",",,W","   20",",,W","10.1",",,W","19.9",",,W",,,,,,,,
"USW00003966","ST LOUIS SPIRIT OF ST LOUIS AIRPORT, MO US","38.65752","-90.65577","139.5","2021-04-17","5.82",",,W",,,"0.03",",,W","0.0",",,W","0.0",",,W",,,"59",",,W","44",",,W","  270",",,W","  240",",,W","12.1",",,W","16.1",",,W","    1",",,W",,,,,,
"USW00003966","ST LOUIS SPIRIT OF ST LOUIS AIRPORT, MO US","38.65752","-90.65577","139.5","2021-04-18","4.92",",,W",,,"0.00",",,W","0.0",",,W","0.0",",,W",,,"64",",,W","40",",,W","  290",",,W","  250",",,W","19.9",",,W","27.1",",,W","    1",",,W",,,,,,
"USW00003966","ST LOUIS SPIRIT OF ST LOUIS AIRPORT, MO US","38.65752","-90.65577","139.5","2021-04-19","10.07",",,W",,,"0.00",",,W","0.0",",,W","0.0",",,W",,,"72",",,W","38",",,W","  360",",,W","  340",",,W","21.0",",,W","30.0",",,W",,,,,,,,
"USW00003966","ST LOUIS SPIRIT OF ST LOUIS AIRPORT, MO US","38.65752","-90.65577","139.5","2021-04-20","6.93",",,W",,,"0.28",",,W",,,"0.0",",,W",,,"42",",,W","30",",,W","  330",",,W","  330",",,W","18.1",",,W","25.1",",,W","    1",",,W","    1",",,W",,,,
"USW00003966","ST LOUIS SPIRIT OF ST LOUIS AIRPORT, MO US","38.65752","-90.65577","139.5","2021-04-21","5.82",",,W",,,"0.00","T,,W","0.0",",,W","0.0",",,W",,,"51",",,W","28",",,W","  280",",,W","  280",",,W","25.1",",,W","34.0",",,W",,,,,,,,
"USW00003966","ST LOUIS SPIRIT OF ST LOUIS AIRPORT, MO US","38.65752","-90.65577","139.5","2021-04-22","3.36",",,W",,,"0.00",",,W","0.0",",,W","0.0",",,W",,,"58",",,W","28",",,W","  240",",,W","  320",",,W","12.1",",,W","16.1",",,W",,,,,,,,
"USW00003966","ST LOUIS SPIRIT OF ST LOUIS AIRPORT, MO US","38.65752","-90.65577","139.5","2021-04-23","6.26",",,W",,,"0.03",",,W","0.0",",,W","0.0",",,W",,,"62",",,W","45",",,W","  170",",,W","  180",",,W","14.1",",,W","23.9",",,W",,,,,"    1",",,W",,
"USW00003966","ST LOUIS SPIRIT OF ST LOUIS AIRPORT, MO US","38.65752","-90.65577","139.5","2021-04-24","4.47",",,W",,,"0.98",",,W","0.0",",,W","0.0",",,W",,,"60",",,W","44",",,W","  330",",,W","  330",",,W","14.1",",,W","18.1",",,W","    1",",,W","    1",",,W","    1",",,W",,
"USW00003966","ST LOUIS SPIRIT OF ST LOUIS AIRPORT, MO US","38.65752","-90.65577","139.5","2021-04-25","4.92",",,W",,,"0.00",",,W","0.0",",,W","0.0",",,W",,,"68",",,W","38",",,W","  110",",,W","  100",",,W","13.0",",,W","19.9",",,W","    1",",,W","    1",",,W",,,,
"USW00003966","ST LOUIS SPIRIT OF ST LOUIS AIRPORT, MO US","38.65752","-90.65577","139.5","2021-04-26","10.07",",,W",,,"0.00",",,W","0.0",",,W","0.0",",,W",,,"84",",,W","48",",,W","  170",",,W","  180",",,W","19.9",",,W","33.1",",,W",,,,,,,,
"USW00003966","ST LOUIS SPIRIT OF ST LOUIS AIRPORT, MO US","38.65752","-90.65577","139.5","2021-04-27","9.62",",,W",,,"0.00",",,W",,,,,,,"84",",,W","65",",,W","  200",",,W","  200",",,W","19.9",",,W","30.0",",,W",,,,,,,"    1",",,W"
"USW00003966","ST LOUIS SPIRIT OF ST LOUIS AIRPORT, MO US","38.65752","-90.65577","139.5","2021-04-28","3.80",",,W",,,"0.66",",,W",,,,,,,"72",",,W","67",",,W","  280",",,W","  280",",,W","17.0",",,W","23.0",",,W","    1",",,W",,,"    1",",,W","    1",",,W"
"USW00003966","ST LOUIS SPIRIT OF ST LOUIS AIRPORT, MO US","38.65752","-90.65577","139.5","2021-04-29","8.05",",,W",,,"0.18",",,W","0.0",",,W","0.0",",,W",,,"74",",,W","53",",,W","  300",",,W","  300",",,W","23.0",",,W","33.1",",,W","    1",",,W",,,,,"    1",",,W"
"USW00003966","ST LOUIS SPIRIT OF ST LOUIS AIRPORT, MO US","38.65752","-90.65577","139.5","2021-04-30","4.92",",,W",,,"0.00",",,W","0.0",",,W","0.0",",,W",,,"79",",,W","44",",,W","  330",",,W","  330",",,W","17.0",",,W","25.1",",,W",,,,,,,,
"USW00003966","ST LOUIS SPIRIT OF ST LOUIS AIRPORT, MO US","38.65752","-90.65577","139.5","2021-05-01","7.38",",,W",,,"0.00",",,W","0.0",",,W","0.0",",,W",,,"85",",,W","52",",,W","  240",",,W","  190",",,W","21.0",",,W","30.0",",,W",,,,,,,,
"USW00003966","ST LOUIS SPIRIT OF ST LOUIS AIRPORT, MO US","38.65752","-90.65577","139.5","2021-05-02","6.04",",,W",,,"0.02",",,W","0.0",",,W","0.0",",,W",,,"72",",,W","60",",,W","  160",",,W","  130",",,W","18.1",",,W","31.1",",,W","    1",",,W",,,,,,
"USW00003966","ST LOUIS SPIRIT OF ST LOUIS AIRPORT, MO US","38.65752","-90.65577","139.5","2021-05-03","5.37",",,W",,,"0.04",",,W","0.0",",,W","0.0",",,W",,,"86",",,W","62",",,W","  330",",,W","  310",",,W","19.9",",,W","25.9",",,W","    1",",,W",,,,,,
"USW00003966","ST LOUIS SPIRIT OF ST LOUIS AIRPORT, MO US","38.65752","-90.65577","139.5","2021-05-04","8.05",",,W",,,"0.11",",,W","0.0",",,W","0.0",",,W",,,"67",",,W","47",",,W","  320",",,W","  310",",,W","17.0",",,W","23.0",",,W","    1",",,W",,,,,"    1",",,W"
"USW00003966","ST LOUIS SPIRIT OF ST LOUIS AIRPORT, MO US","38.65752","-90.65577","139.5","2021-05-05","3.13",",,W",,,"0.00",",,W","0.0",",,W","0.0",",,W",,,"69",",,W","44",",,W","  320",",,W","  320",",,W","14.1",",,W","23.0",",,W",,,,,,,,
"USW00003966","ST LOUIS SPIRIT OF ST LOUIS AIRPORT, MO US","38.65752","-90.65577","139.5","2021-05-06","8.50",",,W",,,"0.01",",,W","0.0",",,W","0.0",",,W",,,"69",",,W","45",",,W","  330",",,W","  320",",,W","25.1",",,W","36.0",",,W",,,,,"    1",",,W","    1",",,W"
"USW00003966","ST LOUIS SPIRIT OF ST LOUIS AIRPORT, MO US","38.65752","-90.65577","139.5","2021-05-07","8.50",",,W",,,"0.00",",,W","0.0",",,W","0.0",",,W",,,"74",",,W","41",",,W","  290",",,W","  270",",,W","23.0",",,W","31.1",",,W",,,,,,,,
"USW00003966","ST LOUIS SPIRIT OF ST LOUIS AIRPORT, MO US","38.65752","-90.65577","139.5","2021-05-08","10.29",",,W",,,"0.01",",,W","0.0",",,W","0.0",",,W",,,"60",",,W","51",",,W","   90",",,W","  100",",,W","17.0",",,W","30.0",",,W",,,,,,,,
"USW00003966","ST LOUIS SPIRIT OF ST LOUIS AIRPORT, MO US","38.65752","-90.65577","139.5","2021-05-09","8.50",",,W",,,"0.33",",,W","0.0",",,W","0.0",",,W",,,"58",",,W","39",",,W","  300",",,W","  290",",,W","21.9",",,W","42.1",",,W","    1",",,W","    1",",,W","    1",",,W",,
"USW00003966","ST LOUIS SPIRIT OF ST LOUIS AIRPORT, MO US","38.65752","-90.65577","139.5","2021-05-10","1.34",",,W",,,"0.00",",,W","0.0",",,W","0.0",",,W",,,"61",",,W","35",",,W","   30",",,W","   30",",,W","8.9",",,W","13.0",",,W","    1",",,W","    1",",,W",,,"    1",",,W"
"USW00003966","ST LOUIS SPIRIT OF ST LOUIS AIRPORT, MO US","38.65752","-90.65577","139.5","2021-05-11","5.82",",,W",,,"0.00",",,W","0.0",",,W","0.0",",,W",,,"60",",,W","37",",,W","   40",",,W","   50",",,W","17.0",",,W","23.9",",,W","    1",",,W",,,,,,
"USW00003966","ST LOUIS SPIRIT OF ST LOUIS AIRPORT, MO US","38.65752","-90.65577","139.5","2021-05-12","7.83",",,W",,,"0.00",",,W","0.0",",,W","0.0",",,W",,,"65",",,W","40",",,W","   60",",,W","   40",",,W","17.0",",,W","23.9",",,W",,,,,,,,
"USW00003966","ST LOUIS SPIRIT OF ST LOUIS AIRPORT, MO US","38.65752","-90.65577","139.5","2021-05-13","3.36",",,W",,,"0.00",",,W","0.0",",,W","0.0",",,W",,,"68",",,W","35",",,W","   50",",,W","   70",",,W","13.0",",,W","18.1",",,W",,,,,,,,
"USW00003966","ST LOUIS SPIRIT OF ST LOUIS AIRPORT, MO US","38.65752","-90.65577","139.5","2021-05-14","1.79",",,W",,,"0.00",",,W","0.0",",,W","0.0",",,W",,,"73",",,W","37",",,W","  200",",,W","  230",",,W","12.1",",,W","17.0",",,W",,,,,,,,
"USW00003966","ST LOUIS SPIRIT OF ST LOUIS AIRPORT, MO US","38.65752","-90.65577","139.5","2021-05-15","3.58",",,W",,,"0.00","T,,W","0.0",",,W","0.0",",,W",,,"62",",,W","49",",,W","  230",",,W","  230",",,W","14.1",",,W","19.0",",,W",,,,,,,,
"USW00003966","ST LOUIS SPIRIT OF ST LOUIS AIRPORT, MO US","38.65752","-90.65577","139.5","2021-05-16","4.47",",,W",,,"0.07",",,W","0.0",",,W","0.0",",,W",,,"73",",,W","51",",,W","  310",",,W","  300",",,W","25.1",",,W","35.1",",,W",,,,,"    1",",,W","    1",",,W"
"USW00003966","ST LOUIS SPIRIT OF ST LOUIS AIRPORT, MO US","38.65752","-90.65577","139.5","2021-05-17","6.49",",,W",,,"0.38",",,W","0.0",",,W","0.0",",,W",,,"73",",,W","60",",,W","   90",",,W","  100",",,W","15.0",",,W","25.9",",,W","    1",",,W",,,,,,
"USW00003966","ST LOUIS SPIRIT OF ST LOUIS AIRPORT, MO US","38.65752","-90.65577","139.5","2021-05-18","6.26",",,W",,,"0.37",",,W","0.0",",,W","0.0",",,W",,,"70",",,W","62",",,W","  160",",,W","  130",",,W","13.0",",,W","23.0",",,W","    1",",,W",,,,,"    1",",,W"
"USW00003966","ST LOUIS SPIRIT OF ST LOUIS AIRPORT, MO US","38.65752","-90.65577","139.5","2021-05-19","6.26",",,W",,,"0.01",",,W","0.0",",,W","0.0",",,W",,,"79",",,W","66",",,W","  130",",,W","  130",",,W","14.1",",,W","23.9",",,W",,,,,,,"    1",",,W"
"USW00003966","ST LOUIS SPIRIT OF ST LOUIS AIRPORT, MO US","38.65752","-90.65577","139.5","2021-05-20","7.16",",,W",,,"0.00",",,W","0.0",",,W","0.0",",,W",,,"83",",,W","67",",,W","  150",",,W","  160",",,W","18.1",",,W","25.9",",,W",,,,,,,,
"USW00003966","ST LOUIS SPIRIT OF ST LOUIS AIRPORT, MO US","38.65752","-90.65577","139.5","2021-05-21","5.37",",,W",,,"0.00",",,W","0.0",",,W","0.0",",,W",,,"86",",,W","64",",,W","  170",",,W","  170",",,W","12.1",",,W","18.1",",,W",,,,,,,,
"USW00003966","ST LOUIS SPIRIT OF ST LOUIS AIRPORT, MO US","38.65752","-90.65577","139.5","2021-05-22","3.13",",,W",,,"0.00",",,W","0.0",",,W","0.0",",,W",,,"84",",,W","65",",,W","  240",",,W","  240",",,W","14.1",",,W","18.1",",,W",,,,,,,,
"USW00003966","ST LOUIS SPIRIT OF ST LOUIS AIRPORT, MO US","38.65752","-90.65577","139.5","2021-05-23","2.68",",,W",,,"0.00",",,W","0.0",",,W","0.0",",,W",,,"88",",,W","60",",,W","  190",",,W","  190",",,W","8.9",",,W","14.1",",,W","    1",",,W",,,,,,
"USW00003966","ST LOUIS SPIRIT OF ST LOUIS AIRPORT, MO US","38.65752","-90.65577","139.5","2021-05-24","3.58",",,W",,,"0.00",",,W","0.0",",,W","0.0",",,W",,,"88",",,W","61",",,W","  200",",,W","  170",",,W","15.0",",,W","19.9",",,W",,,,,,,"    1",",,W"
"USW00003966","ST LOUIS SPIRIT OF ST LOUIS AIRPORT, MO US","38.65752","-90.65577","139.5","2021-05-25","6.71",",,W",,,"0.07",",,W","0.0",",,W","0.0",",,W",,,"87",",,W","64",",,W","  220",",,W","  230",",,W","18.1",",,W","29.1",",,W","    1",",,W",,,,,"    1",",,W"
"USW00003966","ST LOUIS SPIRIT OF ST LOUIS AIRPORT, MO US","38.65752","-90.65577","139.5","2021-05-26","3.36",",,W",,,"0.00",",,W","0.0",",,W","0.0",",,W",,,"88",",,W","62",",,W","   40",",,W","   50",",,W","8.9",",,W","14.1",",,W","    1",",,W",,,,,"    1",",,W"
"USW00003966","ST LOUIS SPIRIT OF ST LOUIS AIRPORT, MO US","38.65752","-90.65577","139.5","2021-05-27","3.80",",,W",,,"1.38",",,W","0.0",",,W","0.0",",,W",,,"82",",,W","61",",,W","  310",",,W","  310",",,W","28.0",",,W","40.9",",,W","    1",",,W","    1",",,W","    1",",,W","    1",",,W"
"USW00003966","ST LOUIS SPIRIT OF ST LOUIS AIRPORT, MO US","38.65752","-90.65577","139.5","2021-05-28","11.18",",,W",,,"0.02",",,W","0.0",",,W","0.0",",,W",,,"66",",,W","50",",,W","  310",",,W","  310",",,W","21.9",",,W","27.1",",,W","    1",",,W",,,,,"    1",",,W"
"USW00003966","ST LOUIS SPIRIT OF ST LOUIS AIRPORT, MO US","38.65752","-90.65577","139.5","2021-05-29","6.49",",,W",,,"0.00","T,,W","0.0",",,W","0.0",",,W",,,"63",",,W","44",",,W","  360",",,W","   20",",,W","14.1",",,W","19.0",",,W",,,,,,,,
"USW00003966","ST LOUIS SPIRIT OF ST LOUIS AIRPORT, MO US","38.65752","-90.65577","139.5","2021-05-30","1.79",",,W",,,"0.00",",,W","0.0",",,W","0.0",",,W",,,"71",",,W","41",",,W","   80",",,W","   90",",,W","10.1",",,W","15.0",",,W","    1",",,W","    1",",,W",,,,
"USW00003966","ST LOUIS SPIRIT OF ST LOUIS AIRPORT, MO US","38.65752","-90.65577","139.5","2021-05-31","2.46",",,W",,,"0.00",",,W","0.0",",,W","0.0",",,W",,,"76",",,W","50",",,W","   50",",,W","   20",",,W","8.9",",,W","14.1",",,W",,,,,,,,
"USW00003966","ST LOUIS SPIRIT OF ST LOUIS AIRPORT, MO US","38.65752","-90.65577","139.5","2021-06-01","2.46",",,W",,,"0.01",",,W","0.0",",,W","0.0",",,W",,,"71",",,W","59",",,W","   90",",,W","   70",",,W","10.1",",,W","13.0",",,W",,,,,,,,
"USW00003966","ST LOUIS SPIRIT OF ST LOUIS AIRPORT, MO US","38.65752","-90.65577","139.5","2021-06-02","4.70",",,W",,,"0.02",",,W","0.0",",,W","0.0",",,W",,,"71",",,W","62",",,W","   30",",,W","   20",",,W","10.1",",,W","17.0",",,W","    1",",,W",,,,,"    1",",,W"
"USW00003966","ST LOUIS SPIRIT OF ST LOUIS AIRPORT, MO US","38.65752","-90.65577","139.5","2021-06-03","2.68",",,W",,,"0.00",",,W","0.0",",,W","0.0",",,W",,,"83",",,W","61",",,W","  240",",,W","  240",",,W","10.1",",,W","16.1",",,W","    1",",,W",,,,,,
"USW00003966","ST LOUIS SPIRIT OF ST LOUIS AIRPORT, MO US","38.65752","-90.65577","139.5","2021-06-04","4.70",",,W",,,"0.00",",,W","0.0",",,W","0.0",",,W",,,"86",",,W","56",",,W","  190",",,W","  190",",,W","12.1",",,W","17.0",",,W","    1",",,W",,,,,,
"USW00003966","ST LOUIS SPIRIT OF ST LOUIS AIRPORT, MO US","38.65752","-90.65577","139.5","2021-06-05","4.70",",,W",,,"0.00",",,W","0.0",",,W","0.0",",,W",,,"87",",,W","60",",,W","  230",",,W","  230",",,W","12.1",",,W","18.1",",,W",,,,,,,,
"USW00003966","ST LOUIS SPIRIT OF ST LOUIS AIRPORT, MO US","38.65752","-90.65577","139.5","2021-06-06","5.37",",,W",,,"0.07",",,W","0.0",",,W","0.0",",,W",,,"85",",,W","68",",,W","  170",",,W","  180",",,W","18.1",",,W","27.1",",,W",,,,,,,"    1",",,W"
"USW00003966","ST LOUIS SPIRIT OF ST LOUIS AIRPORT, MO US","38.65752","-90.65577","139.5","2021-06-07","4.70",",,W",,,"0.26",",,W","0.0",",,W","0.0",",,W",,,"84",",,W","68",",,W","  190",",,W","  190",",,W","13.0",",,W","18.1",",,W","    1",",,W",,,"    1",",,W",,
"USW00003966","ST LOUIS SPIRIT OF ST LOUIS AIRPORT, MO US","38.65752","-90.65577","139.5","2021-06-08","3.13",",,W",,,"0.00",",,W","0.0",",,W","0.0",",,W",,,"80",",,W","66",",,W","  110",",,W","  130",",,W","8.9",",,W","15.0",",,W","    1",",,W",,,,,"    1",",,W"
"USW00003966","ST LOUIS SPIRIT OF ST LOUIS AIRPORT, MO US","38.65752","-90.65577","139.5","2021-06-09","2.91",",,W",,,"0.00",",,W","0.0",",,W","0.0",",,W",,,"85",",,W","66",",,W","   70",",,W","   20",",,W","12.1",",,W","18.1",",,W","    1",",,W","    1",",,W",,,"    1",",,W"
"USW00003966","ST LOUIS SPIRIT OF ST LOUIS AIRPORT, MO US","38.65752","-90.65577","139.5","2021-06-10","2.24",",,W",,,"0.00",",,W","0.0",",,W","0.0",",,W",,,"93",",,W","68",",,W","   50",",,W","  360",",,W","10.1",",,W","14.1",",,W","    1",",,W",,,,,,
"USW00003966","ST LOUIS SPIRIT OF ST LOUIS AIRPORT, MO US","38.65752","-90.65577","139.5","2021-06-11","2.01",",,W",,,"0.00",",,W","0.0",",,W","0.0",",,W",,,"96",",,W","69",",,W","  250",",,W","  270",",,W","8.9",",,W","13.0",",,W","    1",",,W",,,,,,
"USW00003966","ST LOUIS SPIRIT OF ST LOUIS AIRPORT, MO US","38.65752","-90.65577","139.5","2021-06-12","4.92",",,W",,,"0.00",",,W","0.0",",,W","0.0",",,W",,,"94",",,W","71",",,W","  300",",,W","  310",",,W","15.0",",,W","19.0",",,W","    1",",,W",,,,,,
"USW00003966","ST LOUIS SPIRIT OF ST LOUIS AIRPORT, MO US","38.65752","-90.65577","139.5","2021-06-13","5.59",",,W",,,"0.00",",,W","0.0",",,W","0.0",",,W",,,"91",",,W","63",",,W","  350",",,W","  310",",,W","14.1",",,W","23.0",",,W",,,,,,,,
"USW00003966","ST LOUIS SPIRIT OF ST LOUIS AIRPORT, MO US","38.65752","-90.65577","139.5","2021-06-14","6.04",",,W",,,"0.00",",,W","0.0",",,W","0.0",",,W",,,"97",",,W","60",",,W","  330",",,W","   40",",,W","16.1",",,W","23.0",",,W",,,,,,,,
"USW00003966","ST LOUIS SPIRIT OF ST LOUIS AIRPORT, MO US","38.65752","-90.65577","139.5","2021-06-15","1.79",",,W",,,"0.00",",,W","0.0",",,W","0.0",",,W",,,"90",",,W","57",",,W","  340",",,W","   20",",,W","12.1",",,W","16.1",",,W",,,,,,,,
"USW00003966","ST LOUIS SPIRIT OF ST LOUIS AIRPORT, MO US","38.65752","-90.65577","139.5","2021-06-16","2.46",",,W",,,"0.00",",,W","0.0",",,W","0.0",",,W",,,"90",",,W","62",",,W","   50",",,W","   30",",,W","10.1",",,W","15.0",",,W",,,,,,,,
"USW00003966","ST LOUIS SPIRIT OF ST LOUIS AIRPORT, MO US","38.65752","-90.65577","139.5","2021-06-17","4.03",",,W",,,"0.00",",,W","0.0",",,W","0.0",",,W",,,"96",",,W","62",",,W","  170",",,W","  170",",,W","15.0",",,W","19.9",",,W",,,,,,,,
"USW00003966","ST LOUIS SPIRIT OF ST LOUIS AIRPORT, MO US","38.65752","-90.65577","139.5","2021-06-18","9.84",",,W",,,"0.00",",,W","0.0",",,W","0.0",",,W",,,"101",",,W","79",",,W","  200",",,W","  250",",,W","18.1",",,W","28.0",",,W",,,,,,,,
"USW00003966","ST LOUIS SPIRIT OF ST LOUIS AIRPORT, MO US","38.65752","-90.65577","139.5","2021-06-19","8.50",",,W",,,,,"0.0",",,W","0.0",",,W",,,,,,,"   50",",,W","   40",",,W","59.1",",,W","77.0",",,W","    1",",,W",,,"    1",",,W","    1",",,W"
"USW00003966","ST LOUIS SPIRIT OF ST LOUIS AIRPORT, MO US","38.65752","-90.65577","139.5","2021-06-20",,,,,,,"0.0",",,W","0.0",",,W",,,,,,,,,,,,,,,,,,,"    1",",,W","    1",",,W"
"USW00003966","ST LOUIS SPIRIT OF ST LOUIS AIRPORT, MO US","38.65752","-90.65577","139.5","2021-06-21","9.17",",,W",,,,,"0.0",",,W","0.0",",,W",,,,,"54",",,W","  310",",,W","  340",",,W","18.1",",,W","27.1",",,W",,,,,"    1",",,W",,
"USW00003966","ST LOUIS SPIRIT OF ST LOUIS AIRPORT, MO US","38.65752","-90.65577","139.5","2021-06-22","3.80",",,W",,,"0.00",",,W","0.0",",,W","0.0",",,W",,,"79",",,W","50",",,W","  170",",,W","  190",",,W","8.9",",,W","15.0",",,W","    1",",,W",,,,,,
"USW00003966","ST LOUIS SPIRIT OF ST LOUIS AIRPORT, MO US","38.65752","-90.65577","139.5","2021-06-23","7.38",",,W",,,"0.00",",,W","0.0",",,W","0.0",",,W",,,"85",",,W","63",",,W","  200",",,W","  200",",,W","17.0",",,W","25.1",",,W",,,,,,,,
"USW00003966","ST LOUIS SPIRIT OF ST LOUIS AIRPORT, MO US","38.65752","-90.65577","139.5","2021-06-24","4.70",",,W",,,"0.09",",,W","0.0",",,W","0.0",",,W",,,"81",",,W","65",",,W","  240",",,W","  260",",,W","15.0",",,W","21.9",",,W","    1",",,W",,,"    1",",,W",,
"USW00003966","ST LOUIS SPIRIT OF ST LOUIS AIRPORT, MO US","38.65752","-90.65577","139.5","2021-06-25","6.49",",,W",,,"1.27",",,W","0.0",",,W","0.0",",,W",,,"88",",,W","70",",,W","  290",",,W","  290",",,W","21.0",",,W","28.0",",,W","    1",",,W",,,"    1",",,W",,
"USW00003966","ST LOUIS SPIRIT OF ST LOUIS AIRPORT, MO US","38.65752","-90.65577","139.5","2021-06-26","8.72",",,W",,,"0.05",",,W","0.0",",,W","0.0",",,W",,,"88",",,W","71",",,W","  220",",,W","  220",",,W","25.9",",,W","42.9",",,W","    1",",,W",,,,,,
"USW00003966","ST LOUIS SPIRIT OF ST LOUIS AIRPORT, MO US","38.65752","-90.65577","139.5","2021-06-27","3.80",",,W",,,"0.75",",,W","0.0",",,W","0.0",",,W",,,"87",",,W","71",",,W","  300",",,W","  300",",,W","16.1",",,W","19.9",",,W","    1",",,W","    1",",,W","    1",",,W","    1",",,W"
"USW00003966","ST LOUIS SPIRIT OF ST LOUIS AIRPORT, MO US","38.65752","-90.65577","139.5","2021-06-28","1.57",",,W",,,"0.94",",,W","0.0",",,W","0.0",",,W",,,"85",",,W","72",",,W","  270",",,W","  260",",,W","16.1",",,W","23.0",",,W","    1",",,W",,,"    1",",,W","    1",",,W"
"USW00003966","ST LOUIS SPIRIT OF ST LOUIS AIRPORT, MO US","38.65752","-90.65577","139.5","2021-06-29","3.13",",,W",,,"0.22",",,W","0.0",",,W","0.0",",,W",,,"90",",,W","71",",,W","  270",",,W","  270",",,W","18.1",",,W","23.0",",,W","    1",",,W","    1",",,W","    1",",,W","    1",",,W"
"USW00003966","ST LOUIS SPIRIT OF ST LOUIS AIRPORT, MO US","38.65752","-90.65577","139.5","2021-06-30","2.24",",,W",,,"0.04",",,W","0.0",",,W","0.0",",,W",,,"82",",,W","70",",,W","  280",",,W","  290",",,W","12.1",",,W","16.1",",,W","    1",",,W",,,,,,
"USW00003966","ST LOUIS SPIRIT OF ST LOUIS AIRPORT, MO US","38.65752","-90.65577","139.5","2021-07-01","2.68",",,W",,,"1.34",",,W","0.0",",,W","0.0",",,W",,,"85",",,W","68",",,W","   60",",,W","   70",",,W","23.9",",,W","29.1",",,W","    1",",,W",,,"    1",",,W",,
"USW00003966","ST LOUIS SPIRIT OF ST LOUIS AIRPORT, MO US","38.65752","-90.65577","139.5","2021-07-02","3.80",",,W",,,"0.00",",,W","0.0",",,W","0.0",",,W",,,"82",",,W","60",",,W","  360",",,W","   40",",,W","14.1",",,W","19.0",",,W",,,,,,,,
"USW00003966","ST LOUIS SPIRIT OF ST LOUIS AIRPORT, MO US","38.65752","-90.65577","139.5","2021-07-03","1.79",",,W",,,"0.00",",,W","0.0",",,W","0.0",",,W",,,"83",",,W","59",",,W","   90",",,W","   30",",,W","8.9",",,W","13.0",",,W","    1",",,W","    1",",,W",,,"    1",",,W"
"USW00003966","ST LOUIS SPIRIT OF ST LOUIS AIRPORT, MO US","38.65752","-90.65577","139.5","2021-07-04","2.24",",,W",,,"0.00",",,W","0.0",",,W","0.0",",,W",,,"87",",,W","62",",,W","  240",",,W","  220",",,W","8.9",",,W","13.0",",,W","    1",",,W",,,,,"    1",",,W"
"USW00003966","ST LOUIS SPIRIT OF ST LOUIS AIRPORT, MO US","38.65752","-90.65577","139.5","2021-07-05","3.58",",,W",,,"0.00",",,W","0.0",",,W","0.0",",,W",,,"89",",,W","66",",,W","  280",",,W","  270",",,W","10.1",",,W","15.0",",,W","    1",",,W",,,,,"    1",",,W"
"USW00003966","ST LOUIS SPIRIT OF ST LOUIS AIRPORT, MO US","38.65752","-90.65577","139.5","2021-07-06","2.46",",,W",,,"0.00",",,W","0.0",",,W","0.0",",,W",,,"90",",,W","67",",,W","  200",",,W","  220",",,W","12.1",",,W","16.1",",,W","    1",",,W",,,,,,
"USW00003966","ST LOUIS SPIRIT OF ST LOUIS AIRPORT, MO US","38.65752","-90.65577","139.5","2021-07-07","2.68",",,W",,,"0.13",",,W","0.0",",,W","0.0",",,W",,,"90",",,W","68",",,W","  250",",,W","  250",",,W","23.0",",,W","31.1",",,W",,,,,,,,
"USW00003966","ST LOUIS SPIRIT OF ST LOUIS AIRPORT, MO US","38.65752","-90.65577","139.5","2021-07-08","5.14",",,W",,,"0.00",",,W","0.0",",,W","0.0",",,W",,,"87",",,W","70",",,W","  340",",,W","  300",",,W","14.1",",,W","19.9",",,W","    1",",,W",,,,,,
"USW00003966","ST LOUIS SPIRIT OF ST LOUIS AIRPORT, MO US","38.65752","-90.65577","139.5","2021-07-09","3.80",",,W",,,"0.59",",,W","0.0",",,W","0.0",",,W",,,"88",",,W","66",",,W","  340",",,W","  320",",,W","35.1",",,W","53.0",",,W","    1",",,W",,,"    1",",,W",,
"USW00003966","ST LOUIS SPIRIT OF ST LOUIS AIRPORT, MO US","38.65752","-90.65577","139.5","2021-07-10","4.25",",,W",,,"1.17",",,W","0.0",",,W","0.0",",,W",,,"82",",,W","67",",,W","  340",",,W","  330",",,W","28.0",",,W","36.0",",,W","    1",",,W",,,"    1",",,W","    1",",,W"
"USW00003966","ST LOUIS SPIRIT OF ST LOUIS AIRPORT, MO US","38.65752","-90.65577","139.5","2021-07-11","2.68",",,W",,,"0.47",",,W","0.0",",,W","0.0",",,W",,,"83",",,W","67",",,W","  250",",,W","  290",",,W","13.0",",,W","17.0",",,W","    1",",,W",,,"    1",",,W","    1",",,W"
"USW00003966","ST LOUIS SPIRIT OF ST LOUIS AIRPORT, MO US","38.65752","-90.65577","139.5","2021-07-12","7.38",",,W",,,"0.31",",,W","0.0",",,W","0.0",",,W",,,"83",",,W","70",",,W","  280",",,W","  280",",,W","17.0",",,W","23.9",",,W","    1",",,W",,,"    1",",,W","    1",",,W"
"USW00003966","ST LOUIS SPIRIT OF ST LOUIS AIRPORT, MO US","38.65752","-90.65577","139.5","2021-07-13","3.80",",,W",,,"0.00",",,W","0.0",",,W","0.0",",,W",,,"83",",,W","69",",,W","  250",",,W","  250",",,W","8.9",",,W","11.0",",,W","    1",",,W",,,,,,
"USW00003966","ST LOUIS SPIRIT OF ST LOUIS AIRPORT, MO US","38.65752","-90.65577","139.5","2021-07-14","5.37",",,W",,,"0.00",",,W","0.0",",,W","0.0",",,W",,,"90",",,W","65",",,W","  190",",,W","  230",",,W","14.1",",,W","19.0",",,W","    1",",,W",,,,,,
"USW00003966","ST LOUIS SPIRIT OF ST LOUIS AIRPORT, MO US","38.65752","-90.65577","139.5","2021-07-15","7.61",",,W",,,"0.27",",,W","0.0",",,W","0.0",",,W",,,"89",",,W","71",",,W","  310",",,W","  310",",,W","23.9",",,W","35.1",",,W","    1",",,W",,,"    1",",,W",,
"USW00003966","ST LOUIS SPIRIT OF ST LOUIS AIRPORT, MO US","38.65752","-90.65577","139.5","2021-07-16","3.80",",,W",,,"0.47",",,W","0.0",",,W","0.0",",,W",,,"81",",,W","70",",,W","  280",",,W","  260",",,W","19.9",",,W","29.1",",,W","    1",",,W","    1",",,W",,,"    1",",,W"
"USW00003966","ST LOUIS SPIRIT OF ST LOUIS AIRPORT, MO US","38.65752","-90.65577","139.5","2021-07-17","3.58",",,W",,,"0.00",",,W","0.0",",,W","0.0",",,W",,,"84",",,W","70",",,W","   40",",,W","   90",",,W","10.1",",,W","16.1",",,W","    1",",,W",,,,,"    1",",,W"
"USW00003966","ST LOUIS SPIRIT OF ST LOUIS AIRPORT, MO US","38.65752","-90.65577","139.5","2021-07-18","4.47",",,W",,,"0.00",",,W","0.0",",,W","0.0",",,W",,,"85",",,W","67",",,W","   70",",,W","   50",",,W","13.0",",,W","17.0",",,W","    1",",,W",,,,,"    1",",,W"
"USW00003966","ST LOUIS SPIRIT OF ST LOUIS AIRPORT, MO US","38.65752","-90.65577","139.5","2021-07-19","5.82",",,W",,,"0.00",",,W","0.0",",,W","0.0",",,W",,,"86",",,W","67",",,W","   50",",,W","   40",",,W","16.1",",,W","19.9",",,W","    1",",,W",,,,,"    1",",,W"
"USW00003966","ST LOUIS SPIRIT OF ST LOUIS AIRPORT, MO US","38.65752","-90.65577","139.5","2021-07-20","3.36",",,W",,,"0.00",",,W","0.0",",,W","0.0",",,W",,,"86",",,W","64",",,W","   20",",,W","   20",",,W","12.1",",,W","17.0",",,W","    1",",,W",,,,,,
"USW00003966","ST LOUIS SPIRIT OF ST LOUIS AIRPORT, MO US","38.65752","-90.65577","139.5","2021-07-21","2.01",",,W",,,"0.00",",,W","0.0",",,W","0.0",",,W",,,"89",",,W","64",",,W","   40",",,W","   40",",,W","8.1",",,W","12.1",",,W","    1",",,W",,,,,"    1",",,W"
"USW00003966","ST LOUIS SPIRIT OF ST LOUIS AIRPORT, MO US","38.65752","-90.65577","139.5","2021-07-22","2.46",",,W",,,"0.00",",,W","0.0",",,W","0.0",",,W",,,"89",",,W","69",",,W","  200",",,W","  180",",,W","8.9",",,W","15.0",",,W","    1",",,W",,,,,"    1",",,W"
"USW00003966","ST LOUIS SPIRIT OF ST LOUIS AIRPORT, MO US","38.65752","-90.65577","139.5","2021-07-23","3.13",",,W",,,"0.00",",,W","0.0",",,W","0.0",",,W",,,"91",",,W","70",",,W","  190",",,W","  190",",,W","8.9",",,W","14.1",",,W","    1",",,W",,,,,"    1",",,W"
"USW00003966","ST LOUIS SPIRIT OF ST LOUIS AIRPORT, MO US","38.65752","-90.65577","139.5","2021-07-24","4.92",",,W",,,"0.00",",,W","0.0",",,W","0.0",",,W",,,"95",",,W","73",",,W","  240",",,W","  230",",,W","14.1",",,W","19.0",",,W","    1",",,W",,,,,"    1",",,W"
"USW00003966","ST LOUIS SPIRIT OF ST LOUIS AIRPORT, MO US","38.65752","-90.65577","139.5","2021-07-25","3.58",",,W",,,"0.03",",,W","0.0",",,W","0.0",",,W",,,"91",",,W","71",",,W","   70",",,W","  320",",,W","15.0",",,W","19.0",",,W","    1",",,W",,,"    1",",,W","    1",",,W"
"USW00003966","ST LOUIS SPIRIT OF ST LOUIS AIRPORT, MO US","38.65752","-90.65577","139.5","2021-07-26","3.36",",,W",,,"0.00",",,W","0.0",",,W","0.0",",,W",,,"91",",,W","68",",,W","   60",",,W","   40",",,W","10.1",",,W","15.0",",,W","    1",",,W","    1",",,W",,,"    1",",,W"
"USW00003966","ST LOUIS SPIRIT OF ST LOUIS AIRPORT, MO US","38.65752","-90.65577","139.5","2021-07-27","2.01",",,W",,,"0.00",",,W","0.0",",,W","0.0",",,W",,,"91",",,W","65",",,W","  240",",,W","   80",",,W","10.1",",,W","13.0",",,W","    1",",,W",,,,,,
"USW00003966","ST LOUIS SPIRIT OF ST LOUIS AIRPORT, MO US","38.65752","-90.65577","139.5","2021-07-28","2.24",",,W",,,"0.00",",,W","0.0",",,W","0.0",",,W",,,"94",",,W","67",",,W","  170",",,W","  180",",,W","8.1",",,W","12.1",",,W","    1",",,W",,,,,,
"USW00003966","ST LOUIS SPIRIT OF ST LOUIS AIRPORT, MO US","38.65752","-90.65577","139.5","2021-07-29","5.59",",,W",,,"0.21",",,W","0.0",",,W","0.0",",,W",,,"96",",,W","74",",,W","   10",",,W","   10",",,W","23.0",",,W","36.9",",,W","    1",",,W",,,"    1",",,W",,
"USW00003966","ST LOUIS SPIRIT OF ST LOUIS AIRPORT, MO US","38.65752","-90.65577","139.5","2021-07-30","6.49",",,W",,,"0.01",",,W","0.0",",,W","0.0",",,W",,,"87",",,W","72",",,W","   50",",,W","   50",",,W","14.1",",,W","19.9",",,W",,,,,,,"    1",",,W"
"USW00003966","ST LOUIS SPIRIT OF ST LOUIS AIRPORT, MO US","38.65752","-90.65577","139.5","2021-07-31","5.59",",,W",,,"0.19",",,W","0.0",",,W","0.0",",,W",,,"80",",,W","68",",,W","  360",",,W","  360",",,W","13.0",",,W","17.0",",,W","    1",",,W",,,"    1",",,W","    1",",,W"
"USW00003966","ST LOUIS SPIRIT OF ST LOUIS AIRPORT, MO US","38.65752","-90.65577","139.5","2021-08-01","5.14",",,W",,,"0.00",",,W","0.0",",,W","0.0",",,W",,,"86",",,W","62",",,W","   20",",,W","   10",",,W","14.1",",,W","19.9",",,W","    1",",,W",,,,,"    1",",,W"
"USW00003966","ST LOUIS SPIRIT OF ST LOUIS AIRPORT, MO US","38.65752","-90.65577","139.5","2021-08-02","3.58",",,W",,,"0.00",",,W","0.0",",,W","0.0",",,W",,,"81",",,W","61",",,W","   40",",,W","   60",",,W","13.0",",,W","18.1",",,W","    1",",,W","    1",",,W",,,"    1",",,W"
"USW00003966","ST LOUIS SPIRIT OF ST LOUIS AIRPORT, MO US","38.65752","-90.65577","139.5","2021-08-03","2.46",",,W",,,"0.00",",,W","0.0",",,W","0.0",",,W",,,"83",",,W","60",",,W","   20",",,W","   70",",,W","12.1",",,W","16.1",",,W","    1",",,W","    1",",,W",,,"    1",",,W"
"USW00003966","ST LOUIS SPIRIT OF ST LOUIS AIRPORT, MO US","38.65752","-90.65577","139.5","2021-08-04","2.24",",,W",,,"0.00",",,W","0.0",",,W","0.0",",,W",,,"84",",,W","58",",,W","  350",",,W","  360",",,W","12.1",",,W","16.1",",,W","    1",",,W",,,,,,
"USW00003966","ST LOUIS SPIRIT OF ST LOUIS AIRPORT, MO US","38.65752","-90.65577","139.5","2021-08-05","3.36",",,W",,,"0.00",",,W","0.0",",,W","0.0",",,W",,,"84",",,W","57",",,W","  190",",,W","  200",",,W","12.1",",,W","16.1",",,W","    1",",,W",,,,,,
"USW00003966","ST LOUIS SPIRIT OF ST LOUIS AIRPORT, MO US","38.65752","-90.65577","139.5","2021-08-06","3.58",",,W",,,"0.00",",,W","0.0",",,W","0.0",",,W",,,"88",",,W","65",",,W","  190",",,W","  200",",,W","10.1",",,W","15.0",",,W",,,,,,,"    1",",,W"
"USW00003966","ST LOUIS SPIRIT OF ST LOUIS AIRPORT, MO US","38.65752","-90.65577","139.5","2021-08-07","4.70",",,W",,,"0.00",",,W","0.0",",,W","0.0",",,W",,,"91",",,W","67",",,W","  190",",,W","  170",",,W","12.1",",,W","19.0",",,W","    1",",,W",,,,,"    1",",,W"
"USW00003966","ST LOUIS SPIRIT OF ST LOUIS AIRPORT, MO US","38.65752","-90.65577","139.5","2021-08-08","6.04",",,W",,,"0.38",",,W","0.0",",,W","0.0",",,W",,,"92",",,W","72",",,W","  260",",,W","  260",",,W","25.1",",,W","36.0",",,W","    1",",,W",,,"    1",",,W","    1",",,W"
"USW00003966","ST LOUIS SPIRIT OF ST LOUIS AIRPORT, MO US","38.65752","-90.65577","139.5","2021-08-09","5.59",",,W",,,"0.10",",,W","0.0",",,W","0.0",",,W",,,"93",",,W","72",",,W","  190",",,W","  190",",,W","15.0",",,W","25.1",",,W","    1",",,W",,,"    1",",,W","    1",",,W"
"USW00003966","ST LOUIS SPIRIT OF ST LOUIS AIRPORT, MO US","38.65752","-90.65577","139.5","2021-08-10","8.05",",,W",,,"0.00","T,,W","0.0",",,W","0.0",",,W",,,"93",",,W","78",",,W","  240",",,W","  230",",,W","19.9",",,W","28.0",",,W",,,,,"    1",",,W",,
"USW00003966","ST LOUIS SPIRIT OF ST LOUIS AIRPORT, MO US","38.65752","-90.65577","139.5","2021-08-11","8.05",",,W",,,"0.00",",,W","0.0",",,W","0.0",",,W",,,"96",",,W","77",",,W","  230",",,W","  220",",,W","17.0",",,W","25.1",",,W",,,,,,,,
"USW00003966","ST LOUIS SPIRIT OF ST LOUIS AIRPORT, MO US","38.65752","-90.65577","139.5","2021-08-12","7.16",",,W",,,"0.62",",,W","0.0",",,W","0.0",",,W",,,"97",",,W","68",",,W","  340",",,W","  360",",,W","36.9",",,W","55.9",",,W","    1",",,W",,,"    1",",,W",,
"USW00003966","ST LOUIS SPIRIT OF ST LOUIS AIRPORT, MO US","38.65752","-90.65577","139.5","2021-08-13","4.03",",,W",,,"0.00",",,W","0.0",",,W","0.0",",,W",,,"89",",,W","67",",,W","  250",",,W","  260",",,W","13.0",",,W","17.0",",,W","    1",",,W",,,,,,
"USW00003966","ST LOUIS SPIRIT OF ST LOUIS AIRPORT, MO US","38.65752","-90.65577","139.5","2021-08-14","3.80",",,W",,,"0.00",",,W","0.0",",,W","0.0",",,W",,,"84",",,W","64",",,W","   70",",,W","   70",",,W","12.1",",,W","16.1",",,W","    1",",,W",,,,,,
"USW00003966","ST LOUIS SPIRIT OF ST LOUIS AIRPORT, MO US","38.65752","-90.65577","139.5","2021-08-15","4.47",",,W",,,"0.00",",,W","0.0",",,W","0.0",",,W",,,"84",",,W","61",",,W","   50",",,W","   60",",,W","15.0",",,W","19.0",",,W","    1",",,W",,,,,,
"USW00003966","ST LOUIS SPIRIT OF ST LOUIS AIRPORT, MO US","38.65752","-90.65577","139.5","2021-08-16","2.24",",,W",,,"0.00",",,W","0.0",",,W","0.0",",,W",,,"83",",,W","60",",,W","   20",",,W","   70",",,W","12.1",",,W","15.0",",,W","    1",",,W",,,,,,
"USW00003966","ST LOUIS SPIRIT OF ST LOUIS AIRPORT, MO US","38.65752","-90.65577","139.5","2021-08-17","1.57",",,W",,,"0.00",",,W","0.0",",,W","0.0",",,W",,,"89",",,W","64",",,W","  330",",,W","  360",",,W","8.9",",,W","14.1",",,W","    1",",,W",,,,,"    1",",,W"
"USW00003966","ST LOUIS SPIRIT OF ST LOUIS AIRPORT, MO US","38.65752","-90.65577","139.5","2021-08-18","2.24",",,W",,,"0.00",",,W","0.0",",,W","0.0",",,W",,,"88",",,W","67",",,W","  220",",,W","  210",",,W","15.0",",,W","19.0",",,W","    1",",,W",,,,,,
"USW00003966","ST LOUIS SPIRIT OF ST LOUIS AIRPORT, MO US","38.65752","-90.65577","139.5","2021-08-19","2.01",",,W",,,"0.00",",,W","0.0",",,W","0.0",",,W",,,"88",",,W","65",",,W","  110",",,W","  110",",,W","8.9",",,W","14.1",",,W","    1",",,W",,,,,"    1",",,W"
"USW00003966","ST LOUIS SPIRIT OF ST LOUIS AIRPORT, MO US","38.65752","-90.65577","139.5","2021-08-20","4.03",",,W",,,"0.00",",,W","0.0",",,W","0.0",",,W",,,"89",",,W","69",",,W","  140",",,W","   90",",,W","12.1",",,W","18.1",",,W","    1",",,W",,,,,"    1",",,W"
"USW00003966","ST LOUIS SPIRIT OF ST LOUIS AIRPORT, MO US","38.65752","-90.65577","139.5","2021-08-21","5.14",",,W",,,"0.00","T,,W","0.0",",,W","0.0",",,W",,,"88",",,W","69",",,W","  300",",,W","  280",",,W","14.1",",,W","19.9",",,W","    1",",,W",,,,,"    1",",,W"
"USW00003966","ST LOUIS SPIRIT OF ST LOUIS AIRPORT, MO US","38.65752","-90.65577","139.5","2021-08-22","2.24",",,W",,,"0.00",",,W","0.0",",,W","0.0",",,W",,,"90",",,W","66",",,W","  290",",,W","  320",",,W","8.9",",,W","14.1",",,W",,,,,,,,
"USW00003966","ST LOUIS SPIRIT OF ST LOUIS AIRPORT, MO US","38.65752","-90.65577","139.5","2021-08-23","3.58",",,W",,,"0.00","T,,W","0.0",",,W","0.0",",,W",,,"98",",,W","68",",,W","  230",",,W","  220",",,W","18.1",",,W","29.1",",,W",,,,,"    1",",,W",,
"USW00003966","ST LOUIS SPIRIT OF ST LOUIS AIRPORT, MO US","38.65752","-90.65577","139.5","2021-08-24","3.80",",,W",,,"0.00",",,W","0.0",",,W","0.0",",,W",,,"98",",,W","70",",,W","  200",",,W","  170",",,W","14.1",",,W","19.0",",,W",,,,,,,,
"USW00003966","ST LOUIS SPIRIT OF ST LOUIS AIRPORT, MO US","38.65752","-90.65577","139.5","2021-08-25","3.58",",,W",,,"0.00",",,W","0.0",",,W","0.0",",,W",,,"99",",,W","75",",,W","  200",",,W","  190",",,W","13.0",",,W","18.1",",,W","    1",",,W",,,,,,
"USW00003966","ST LOUIS SPIRIT OF ST LOUIS AIRPORT, MO US","38.65752","-90.65577","139.5","2021-08-26","3.58",",,W",,,"0.44",",,W","0.0",",,W","0.0",",,W",,,"94",",,W","73",",,W","   60",",,W","   60",",,W","21.0",",,W","29.1",",,W","    1",",,W",,,"    1",",,W","    1",",,W"
"USW00003966","ST LOUIS SPIRIT OF ST LOUIS AIRPORT, MO US","38.65752","-90.65577","139.5","2021-08-27","3.58",",,W",,,"0.19",",,W","0.0",",,W","0.0",",,W",,,"94",",,W","69",",,W","  360",",,W","  350",",,W","17.0",",,W","28.0",",,W",,,,,"    1",",,W","    1",",,W"
"USW00003966","ST LOUIS SPIRIT OF ST LOUIS AIRPORT, MO US","38.65752","-90.65577","139.5","2021-08-28","4.70",",,W",,,"0.14",",,W","0.0",",,W","0.0",",,W",,,"92",",,W","71",",,W","  190",",,W","  200",",,W","21.0",",,W","29.1",",,W",,,,,"    1",",,W","    1",",,W"
"USW00003966","ST LOUIS SPIRIT OF ST LOUIS AIRPORT, MO US","38.65752","-90.65577","139.5","2021-08-29","4.03",",,W",,,"0.01",",,W","0.0",",,W","0.0",",,W",,,"93",",,W","71",",,W","  170",",,W","  170",",,W","14.1",",,W","19.0",",,W","    1",",,W",,,"    1",",,W",,
"USW00003966","ST LOUIS SPIRIT OF ST LOUIS AIRPORT, MO US","38.65752","-90.65577","139.5","2021-08-30","2.68",",,W",,,"1.56",",,W","0.0",",,W","0.0",",,W",,,"90",",,W","72",",,W","  180",",,W","  150",",,W","19.9",",,W","25.9",",,W","    1",",,W","    1",",,W","    1",",,W","    1",",,W"
"USW00003966","ST LOUIS SPIRIT OF ST LOUIS AIRPORT, MO US","38.65752","-90.65577","139.5","2021-08-31","3.13",",,W",,,"0.04",",,W","0.0",",,W","0.0",",,W",,,"86",",,W","69",",,W","  330",",,W","  330",",,W","17.0",",,W","25.1",",,W","    1",",,W",,,"    1",",,W",,
"USW00003966","ST LOUIS SPIRIT OF ST LOUIS AIRPORT, MO US","38.65752","-90.65577","139.5","2021-09-01","5.82",",,W",,,"0.00","T,,W","0.0",",,W","0.0",",,W",,,"84",",,W","63",",,W","   40",",,W","   40",",,W","16.1",",,W","21.0",",,W",,,,,,,,
"USW00003966","ST LOUIS SPIRIT OF ST LOUIS AIRPORT, MO US","38.65752","-90.65577","139.5","2021-09-02","2.68",",,W",,,"0.00",",,W","0.0",",,W","0.0",",,W",,,"80",",,W","57",",,W","  110",",,W","  100",",,W","12.1",",,W","19.9",",,W",,,,,,,,
"USW00003966","ST LOUIS SPIRIT OF ST LOUIS AIRPORT, MO US","38.65752","-90.65577","139.5","2021-09-03","4.70",",,W",,,"0.00","T,,W","0.0",",,W","0.0",",,W",,,"78",",,W","60",",,W","  140",",,W","  130",",,W","12.1",",,W","17.0",",,W",,,,,,,"    1",",,W"
"USW00003966","ST LOUIS SPIRIT OF ST LOUIS AIRPORT, MO US","38.65752","-90.65577","139.5","2021-09-04","5.82",",,W",,,"0.89",",,W","0.0",",,W","0.0",",,W",,,"78",",,W","70",",,W","  230",",,W","  220",",,W","16.1",",,W","23.0",",,W","    1",",,W",,,"    1",",,W","    1",",,W"
"USW00003966","ST LOUIS SPIRIT OF ST LOUIS AIRPORT, MO US","38.65752","-90.65577","139.5","2021-09-05","3.36",",,W",,,"0.00",",,W","0.0",",,W","0.0",",,W",,,"83",",,W","62",",,W","   30",",,W","   30",",,W","10.1",",,W","15.0",",,W","    1",",,W",,,,,,
"USW00003966","ST LOUIS SPIRIT OF ST LOUIS AIRPORT, MO US","38.65752","-90.65577","139.5","2021-09-06","2.91",",,W",,,"0.00",",,W","0.0",",,W","0.0",",,W",,,"87",",,W","60",",,W","  230",",,W","  210",",,W","10.1",",,W","16.1",",,W",,,,,,,,
"USW00003966","ST LOUIS SPIRIT OF ST LOUIS AIRPORT, MO US","38.65752","-90.65577","139.5","2021-09-07","6.49",",,W",,,"0.00",",,W","0.0",",,W","0.0",",,W",,,"89",",,W","62",",,W","  340",",,W","  360",",,W","18.1",",,W","25.1",",,W",,,,,,,,
"USW00003966","ST LOUIS SPIRIT OF ST LOUIS AIRPORT, MO US","38.65752","-90.65577","139.5","2021-09-08","6.93",",,W",,,"0.00",",,W","0.0",",,W","0.0",",,W",,,"83",",,W","57",",,W","  330",",,W","  330",",,W","21.0",",,W","29.1",",,W",,,,,,,,
"USW00003966","ST LOUIS SPIRIT OF ST LOUIS AIRPORT, MO US","38.65752","-90.65577","139.5","2021-09-09","3.36",",,W",,,"0.00",",,W","0.0",",,W","0.0",",,W",,,"81",",,W","53",",,W","  290",",,W","  300",",,W","10.1",",,W","15.0",",,W",,,,,,,,
"USW00003966","ST LOUIS SPIRIT OF ST LOUIS AIRPORT, MO US","38.65752","-90.65577","139.5","2021-09-10","4.92",",,W",,,"0.00",",,W","0.0",",,W","0.0",",,W",,,"85",",,W","55",",,W","  200",",,W","  160",",,W","14.1",",,W","19.9",",,W","    1",",,W",,,,,,
"USW00003966","ST LOUIS SPIRIT OF ST LOUIS AIRPORT, MO US","38.65752","-90.65577","139.5","2021-09-11","7.61",",,W",,,"0.00",",,W","0.0",",,W","0.0",",,W",,,"88",",,W","66",",,W","  230",",,W","  230",",,W","17.0",",,W","25.9",",,W",,,,,,,,
"USW00003966","ST LOUIS SPIRIT OF ST LOUIS AIRPORT, MO US","38.65752","-90.65577","139.5","2021-09-12","8.05",",,W",,,"0.00",",,W","0.0",",,W","0.0",",,W",,,"89",",,W","68",",,W","  200",",,W","  210",",,W","15.0",",,W","25.1",",,W",,,,,,,,
"USW00003966","ST LOUIS SPIRIT OF ST LOUIS AIRPORT, MO US","38.65752","-90.65577","139.5","2021-09-13","5.82",",,W",,,"0.00",",,W","0.0",",,W","0.0",",,W",,,"89",",,W","60",",,W","  200",",,W","  180",",,W","17.0",",,W","23.9",",,W","    1",",,W",,,,,,
"USW00003966","ST LOUIS SPIRIT OF ST LOUIS AIRPORT, MO US","38.65752","-90.65577","139.5","2021-09-14","6.26",",,W",,,"0.04",",,W","0.0",",,W","0.0",",,W",,,"92",",,W","70",",,W","  240",",,W","  220",",,W","18.1",",,W","25.1",",,W","    1",",,W",,,"    1",",,W",,
"USW00003966","ST LOUIS SPIRIT OF ST LOUIS AIRPORT, MO US","38.65752","-90.65577","139.5","2021-09-15","4.92",",,W",,,"0.01",",,W","0.0",",,W","0.0",",,W",,,"82",",,W","58",",,W","   80",",,W","   70",",,W","13.0",",,W","19.0",",,W","    1",",,W",,,,,,
"USW00003966","ST LOUIS SPIRIT OF ST LOUIS AIRPORT, MO US","38.65752","-90.65577","139.5","2021-09-16","2.01",",,W",,,"0.00",",,W","0.0",",,W","0.0",",,W",,,"86",",,W","54",",,W","   90",",,W","   90",",,W","10.1",",,W","16.1",",,W","    1",",,W","    1",",,W",,,,
"USW00003966","ST LOUIS SPIRIT OF ST LOUIS AIRPORT, MO US","38.65752","-90.65577","139.5","2021-09-17","1.12",",,W",,,"0.00",",,W","0.0",",,W","0.0",",,W",,,"89",",,W","59",",,W","   60",",,W","   90",",,W","8.9",",,W","12.1",",,W","    1",",,W",,,,,"    1",",,W"
"USW00003966","ST LOUIS SPIRIT OF ST LOUIS AIRPORT, MO US","38.65752","-90.65577","139.5","2021-09-18","2.46",",,W",,,"0.00",",,W","0.0",",,W","0.0",",,W",,,"89",",,W","64",",,W","   70",",,W","   90",",,W","8.9",",,W","13.0",",,W","    1",",,W",,,,,"    1",",,W"
"USW00003966","ST LOUIS SPIRIT OF ST LOUIS AIRPORT, MO US","38.65752","-90.65577","139.5","2021-09-19","3.80",",,W",,,"0.00",",,W","0.0",",,W","0.0",",,W",,,"86",",,W","64",",,W","  130",",,W","  110",",,W","12.1",",,W","19.0",",,W","    1",",,W","    1",",,W","    1",",,W",,
"USW00003966","ST LOUIS SPIRIT OF ST LOUIS AIRPORT, MO US","38.65752","-90.65577","139.5","2021-09-20","6.26",",,W",,,"0.00",",,W","0.0",",,W","0.0",",,W",,,"87",",,W","68",",,W","  190",",,W","  200",",,W","16.1",",,W","23.9",",,W","    1",",,W",,,,,,
"USW00003966","ST LOUIS SPIRIT OF ST LOUIS AIRPORT, MO US","38.65752","-90.65577","139.5","2021-09-21","7.61",",,W",,,"1.31",",,W","0.0",",,W","0.0",",,W",,,"77",",,W","56",",,W","  330",",,W","  330",",,W","21.9",",,W","29.1",",,W","    1",",,W",,,"    1",",,W",,
"USW00003966","ST LOUIS SPIRIT OF ST LOUIS AIRPORT, MO US","38.65752","-90.65577","139.5","2021-09-22","6.93",",,W",,,"0.00",",,W","0.0",",,W","0.0",",,W",,,"73",",,W","49",",,W","  340",",,W","  330",",,W","21.0",",,W","31.1",",,W",,,,,,,,
"USW00003966","ST LOUIS SPIRIT OF ST LOUIS AIRPORT, MO US","38.65752","-90.65577","139.5","2021-09-23","3.13",",,W",,,"0.00",",,W","0.0",",,W","0.0",",,W",,,"74",",,W","45",",,W","  320",",,W","  290",",,W","14.1",",,W","19.0",",,W","    1",",,W","    1",",,W",,,,
"USW00003966","ST LOUIS SPIRIT OF ST LOUIS AIRPORT, MO US","38.65752","-90.65577","139.5","2021-09-24","4.70",",,W",,,"0.00","T,,W","0.0",",,W","0.0",",,W",,,"81",",,W","46",",,W","  330",",,W","  180",",,W","15.0",",,W","21.9",",,W","    1",",,W",,,,,,
"USW00003966","ST LOUIS SPIRIT OF ST LOUIS AIRPORT, MO US","38.65752","-90.65577","139.5","2021-09-25","4.25",",,W",,,"0.01",",,W","0.0",",,W","0.0",",,W",,,"76",",,W","49",",,W","  330",",,W","  240",",,W","15.0",",,W","21.0",",,W","    1",",,W","    1",",,W",,,"    1",",,W"
"USW00003966","ST LOUIS SPIRIT OF ST LOUIS AIRPORT, MO US","38.65752","-90.65577","139.5","2021-09-26","6.49",",,W",,,"0.00",",,W","0.0",",,W","0.0",",,W",,,"85",",,W","46",",,W","  190",",,W","  190",",,W","16.1",",,W","23.9",",,W",,,,,,,,
"USW00003966","ST LOUIS SPIRIT OF ST LOUIS AIRPORT, MO US","38.65752","-90.65577","139.5","2021-09-27","7.83",",,W",,,"0.00",",,W","0.0",",,W","0.0",",,W",,,"91",",,W","60",",,W","  220",",,W","  250",",,W","17.0",",,W","27.1",",,W",,,,,,,,
"USW00003966","ST LOUIS SPIRIT OF ST LOUIS AIRPORT, MO US","38.65752","-90.65577","139.5","2021-09-28","0.89",",,W",,,"0.00",",,W","0.0",",,W","0.0",",,W",,,"90",",,W","58",",,W","  250",",,W","  240",",,W","10.1",",,W","15.0",",,W","    1",",,W",,,,,"    1",",,W"
"USW00003966","ST LOUIS SPIRIT OF ST LOUIS AIRPORT, MO US","38.65752","-90.65577","139.5","2021-09-29","2.46",",,W",,,"0.00",",,W","0.0",",,W","0.0",",,W",,,"87",",,W","58",",,W","  130",",,W","  130",",,W","10.1",",,W","17.0",",,W","    1",",,W","    1",",,W",,,"    1",",,W"
"USW00003966","ST LOUIS SPIRIT OF ST LOUIS AIRPORT, MO US","38.65752","-90.65577","139.5","2021-09-30","2.24",",,W",,,"0.00","T,,W","0.0",",,W","0.0",",,W",,,"85",",,W","61",",,W","  210",",,W","  200",",,W","18.1",",,W","28.0",",,W","    1",",,W",,,"    1",",,W","    1",",,W"
"USW00003966","ST LOUIS SPIRIT OF ST LOUIS AIRPORT, MO US","38.65752","-90.65577","139.5","2021-10-01","4.03",",,W",,,"0.00","T,,W","0.0",",,W","0.0",",,W",,,"81",",,W","60",",,W","  130",",,W","  150",",,W","14.1",",,W","19.9",",,W","    1",",,W","    1",",,W",,,"    1",",,W"
"USW00003966","ST LOUIS SPIRIT OF ST LOUIS AIRPORT, MO US","38.65752","-90.65577","139.5","2021-10-02","3.80",",,W",,,"0.09",",,W","0.0",",,W","0.0",",,W",,,"80",",,W","68",",,W","  230",",,W","  230",",,W","12.1",",,W","17.0",",,W","    1",",,W",,,,,"    1",",,W"
"USW00003966","ST LOUIS SPIRIT OF ST LOUIS AIRPORT, MO US","38.65752","-90.65577","139.5","2021-10-03","6.93",",,W",,,"0.01",",,W","0.0",",,W","0.0",",,W",,,"76",",,W","63",",,W","  270",",,W","  280",",,W","16.1",",,W","25.1",",,W","    1",",,W",,,,,,
"USW00003966","ST LOUIS SPIRIT OF ST LOUIS AIRPORT, MO US","38.65752","-90.65577","139.5","2021-10-04","4.25",",,W",,,"0.00",",,W","0.0",",,W","0.0",",,W",,,"78",",,W","56",",,W","  310",",,W","  310",",,W","14.1",",,W","18.1",",,W","    1",",,W",,,,,,
"USW00003966","ST LOUIS SPIRIT OF ST LOUIS AIRPORT, MO US","38.65752","-90.65577","139.5","2021-10-05","3.58",",,W",,,"0.01",",,W","0.0",",,W","0.0",",,W",,,"76",",,W","56",",,W","   20",",,W","   10",",,W","14.1",",,W","18.1",",,W","    1",",,W",,,,,,
"USW00003966","ST LOUIS SPIRIT OF ST LOUIS AIRPORT, MO US","38.65752","-90.65577","139.5","2021-10-06","4.70",",,W",,,"0.04",",,W","0.0",",,W","0.0",",,W",,,"79",",,W","58",",,W","   80",",,W","   90",",,W","13.0",",,W","19.0",",,W","    1",",,W",,,,,"    1",",,W"
"USW00003966","ST LOUIS SPIRIT OF ST LOUIS AIRPORT, MO US","38.65752","-90.65577","139.5","2021-10-07","1.79",",,W",,,"0.00",",,W","0.0",",,W","0.0",",,W",,,"75",",,W","56",",,W","  210",",,W","  220",",,W","13.0",",,W","18.1",",,W","    1",",,W","    1",",,W",,,,
"USW00003966","ST LOUIS SPIRIT OF ST LOUIS AIRPORT, MO US","38.65752","-90.65577","139.5","2021-10-08","2.01",",,W",,,"0.00",",,W","0.0",",,W","0.0",",,W",,,"84",",,W","54",",,W","  260",",,W","  270",",,W","8.1",",,W","12.1",",,W","    1",",,W","    1",",,W",,,,
"USW00003966","ST LOUIS SPIRIT OF ST LOUIS AIRPORT, MO US","38.65752","-90.65577","139.5","2021-10-09","5.14",",,W",,,"0.00",",,W","0.0",",,W","0.0",",,W",,,"86",",,W","61",",,W","  210",",,W","  220",",,W","14.1",",,W","19.9",",,W","    1",",,W",,,,,"    1",",,W"
"USW00003966","ST LOUIS SPIRIT OF ST LOUIS AIRPORT, MO US","38.65752","-90.65577","139.5","2021-10-10","7.16",",,W",,,"0.00",",,W","0.0",",,W","0.0",",,W",,,"88",",,W","64",",,W","  220",",,W","  200",",,W","17.0",",,W","28.0",",,W",,,,,,,,
"USW00003966","ST LOUIS SPIRIT OF ST LOUIS AIRPORT, MO US","38.65752","-90.65577","139.5","2021-10-11","12.75",",,W",,,"1.11",",,W","0.0",",,W","0.0",",,W",,,"77",",,W","60",",,W","  240",",,W","  230",",,W","28.0",",,W","42.1",",,W","    1",",,W",,,"    1",",,W",,
"USW00003966","ST LOUIS SPIRIT OF ST LOUIS AIRPORT, MO US","38.65752","-90.65577","139.5","2021-10-12","3.36",",,W",,,"0.00",",,W","0.0",",,W","0.0",",,W",,,"78",",,W","53",",,W","  240",",,W","  250",",,W","13.0",",,W","19.0",",,W",,,,,,,,
"USW00003966","ST LOUIS SPIRIT OF ST LOUIS AIRPORT, MO US","38.65752","-90.65577","139.5","2021-10-13","5.82",",,W",,,"0.05",",,W","0.0",",,W","0.0",",,W",,,"82",",,W","54",",,W","  220",",,W","  200",",,W","15.0",",,W","23.9",",,W",,,,,"    1",",,W",,
"USW00003966","ST LOUIS SPIRIT OF ST LOUIS AIRPORT, MO US","38.65752","-90.65577","139.5","2021-10-14","3.80",",,W",,,"1.05",",,W","0.0",",,W","0.0",",,W",,,"76",",,W","62",",,W","  280",",,W","  230",",,W","10.1",",,W","16.1",",,W","    1",",,W",,,,,,
"USW00003966","ST LOUIS SPIRIT OF ST LOUIS AIRPORT, MO US","38.65752","-90.65577","139.5","2021-10-15","6.71",",,W",,,"0.15",",,W","0.0",",,W","0.0",",,W",,,"65",",,W","47",",,W","  320",",,W","  320",",,W","23.9",",,W","34.0",",,W","    1",",,W",,,,,,
"USW00003966","ST LOUIS SPIRIT OF ST LOUIS AIRPORT, MO US","38.65752","-90.65577","139.5","2021-10-16","6.71",",,W",,,"0.00",",,W","0.0",",,W","0.0",",,W",,,"65",",,W","42",",,W","  280",",,W","  290",",,W","19.9",",,W","28.0",",,W",,,,,,,,
"USW00003966","ST LOUIS SPIRIT OF ST LOUIS AIRPORT, MO US","38.65752","-90.65577","139.5","2021-10-17","3.58",",,W",,,"0.00",",,W","0.0",",,W","0.0",",,W",,,"71",",,W","39",",,W","  240",",,W","  250",",,W","13.0",",,W","18.1",",,W",,,,,,,,
"USW00003966","ST LOUIS SPIRIT OF ST LOUIS AIRPORT, MO US","38.65752","-90.65577","139.5","2021-10-18","3.80",",,W",,,"0.00",",,W","0.0",",,W","0.0",",,W",,,"76",",,W","40",",,W","  200",",,W","  190",",,W","12.1",",,W","18.1",",,W","    1",",,W",,,,,,
"USW00003966","ST LOUIS SPIRIT OF ST LOUIS AIRPORT, MO US","38.65752","-90.65577","139.5","2021-10-19","3.58",",,W",,,"0.00",",,W","0.0",",,W","0.0",",,W",,,"73",",,W","41",",,W","  200",",,W","  200",",,W","14.1",",,W","19.9",",,W","    1",",,W",,,,,"    1",",,W"
"USW00003966","ST LOUIS SPIRIT OF ST LOUIS AIRPORT, MO US","38.65752","-90.65577","139.5","2021-10-20","6.04",",,W",,,"0.00","T,,W","0.0",",,W","0.0",",,W",,,"80",",,W","46",",,W","  210",",,W","  220",",,W","15.0",",,W","23.0",",,W","    1",",,W",,,,,,
"USW00003966","ST LOUIS SPIRIT OF ST LOUIS AIRPORT, MO US","38.65752","-90.65577","139.5","2021-10-21","8.50",",,W",,,"0.00",",,W","0.0",",,W","0.0",",,W",,,"65",",,W","45",",,W","  290",",,W","  280",",,W","21.0",",,W","27.1",",,W",,,,,,,,
"USW00003966","ST LOUIS SPIRIT OF ST LOUIS AIRPORT, MO US","38.65752","-90.65577","139.5","2021-10-22","3.58",",,W",,,"0.00",",,W","0.0",",,W","0.0",",,W",,,"59",",,W","44",",,W","  230",",,W","  250",",,W","10.1",",,W","14.1",",,W",,,,,,,,
"USW00003966","ST LOUIS SPIRIT OF ST LOUIS AIRPORT, MO US","38.65752","-90.65577","139.5","2021-10-23","3.58",",,W",,,"0.02",",,W","0.0",",,W","0.0",",,W",,,"58",",,W","45",",,W","   70",",,W","   70",",,W","8.9",",,W","12.1",",,W","    1",",,W",,,,,"    1",",,W"
"USW00003966","ST LOUIS SPIRIT OF ST LOUIS AIRPORT, MO US","38.65752","-90.65577","139.5","2021-10-24","10.07",",,W",,,"0.00","T,,W","0.0",",,W","0.0",",,W",,,"81",",,W","56",",,W","  260",",,W","  280",",,W","25.9",",,W","40.9",",,W","    1",",,W",,,"    1",",,W",,
"USW00003966","ST LOUIS SPIRIT OF ST LOUIS AIRPORT, MO US","38.65752","-90.65577","139.5","2021-10-25","13.20",",,W",,,"0.00",",,W","0.0",",,W","0.0",",,W",,,"60",",,W","41",",,W","  290",",,W","  280",",,W","28.0",",,W","38.9",",,W",,,,,,,,
"USW00003966","ST LOUIS SPIRIT OF ST LOUIS AIRPORT, MO US","38.65752","-90.65577","139.5","2021-10-26","3.80",",,W",,,"0.00",",,W","0.0",",,W","0.0",",,W",,,"62",",,W","35",",,W","   90",",,W","   90",",,W","13.0",",,W","19.0",",,W","    1",",,W","    1",",,W",,,,
"USW00003966","ST LOUIS SPIRIT OF ST LOUIS AIRPORT, MO US","38.65752","-90.65577","139.5","2021-10-27","9.17",",,W",,,"0.00","T,,W","0.0",",,W","0.0",",,W",,,"65",",,W","47",",,W","  100",",,W","  110",",,W","17.0",",,W","27.1",",,W",,,,,,,,
"USW00003966","ST LOUIS SPIRIT OF ST LOUIS AIRPORT, MO US","38.65752","-90.65577","139.5","2021-10-28","9.17",",,W",,,"0.68",",,W","0.0",",,W","0.0",",,W",,,"56",",,W","49",",,W","   90",",,W","   80",",,W","16.1",",,W","23.9",",,W","    1",",,W",,,,,,
"USW00003966","ST LOUIS SPIRIT OF ST LOUIS AIRPORT, MO US","38.65752","-90.65577","139.5","2021-10-29","12.08",",,W",,,"0.15",",,W","0.0",",,W","0.0",",,W",,,"55",",,W","51",",,W","  320",",,W","  330",",,W","21.0",",,W","27.1",",,W","    1",",,W",,,,,,
"USW00003966","ST LOUIS SPIRIT OF ST LOUIS AIRPORT, MO US","38.65752","-90.65577","139.5","2021-10-30","6.26",",,W",,,"0.00",",,W","0.0",",,W","0.0",",,W",,,"62",",,W","41",",,W","  310",",,W","  310",",,W","15.0",",,W","21.9",",,W","    1",",,W",,,,,,
"USW00003966","ST LOUIS SPIRIT OF ST LOUIS AIRPORT, MO US","38.65752","-90.65577","139.5","2021-10-31","5.82",",,W",,,"0.00",",,W","0.0",",,W","0.0",",,W",,,"60",",,W","36",",,W","  300",",,W","  300",",,W","18.1",",,W","25.9",",,W","    1",",,W","    1",",,W",,,,
"USW00003966","ST LOUIS SPIRIT OF ST LOUIS AIRPORT, MO US","38.65752","-90.65577","139.5","2021-11-01","3.80",",,W",,,"0.01",",,W","0.0",",,W","0.0",",,W",,,"49",",,W","33",",,W","  350",",,W","  360",",,W","10.1",",,W","14.1",",,W",,,,,,,,
"USW00003966","ST LOUIS SPIRIT OF ST LOUIS AIRPORT, MO US","38.65752","-90.65577","139.5","2021-11-02","3.58",",,W",,,"0.00",",,W","0.0",",,W","0.0",",,W",,,"51",",,W","32",",,W","  330",",,W","   20",",,W","13.0",",,W","18.1",",,W","    1",",,W",,,,,,
"USW00003966","ST LOUIS SPIRIT OF ST LOUIS AIRPORT, MO US","38.65752","-90.65577","139.5","2021-11-03","1.12",",,W",,,"0.00",",,W","0.0",",,W","0.0",",,W",,,"53",",,W","29",",,W","  320",",,W","  300",",,W","8.9",",,W","13.0",",,W",,,,,,,,
"USW00003966","ST LOUIS SPIRIT OF ST LOUIS AIRPORT, MO US","38.65752","-90.65577","139.5","2021-11-04","1.12",",,W",,,"0.00",",,W","0.0",",,W","0.0",",,W",,,"53",",,W","25",",,W","   80",",,W","   90",",,W","8.9",",,W","12.1",",,W","    1",",,W","    1",",,W",,,,
"USW00003966","ST LOUIS SPIRIT OF ST LOUIS AIRPORT, MO US","38.65752","-90.65577","139.5","2021-11-05","2.01",",,W",,,"0.00",",,W","0.0",",,W","0.0",",,W",,,"55",",,W","25",",,W","  200",",,W","  200",",,W","12.1",",,W","17.0",",,W","    1",",,W","    1",",,W",,,"    1",",,W"
"USW00003966","ST LOUIS SPIRIT OF ST LOUIS AIRPORT, MO US","38.65752","-90.65577","139.5","2021-11-06","2.24",",,W",,,"0.00",",,W","0.0",",,W","0.0",",,W",,,"62",",,W","26",",,W","  250",",,W","  250",",,W","10.1",",,W","14.1",",,W","    1",",,W",,,,,,
"USW00003966","ST LOUIS SPIRIT OF ST LOUIS AIRPORT, MO US","38.65752","-90.65577","139.5","2021-11-07","2.68",",,W",,,"0.00",",,W","0.0",",,W","0.0",",,W",,,"70",",,W","32",",,W","  140",",,W","  160",",,W","10.1",",,W","17.0",",,W","    1",",,W",,,,,,
"USW00003966","ST LOUIS SPIRIT OF ST LOUIS AIRPORT, MO US","38.65752","-90.65577","139.5","2021-11-08","4.47",",,W",,,"0.00",",,W","0.0",",,W","0.0",",,W",,,"79",",,W","35",",,W","  220",",,W","  230",",,W","16.1",",,W","23.0",",,W",,,,,,,,
"USW00003966","ST LOUIS SPIRIT OF ST LOUIS AIRPORT, MO US","38.65752","-90.65577","139.5","2021-11-09","4.70",",,W",,,"0.00",",,W","0.0",",,W","0.0",",,W",,,"66",",,W","46",",,W","  240",",,W","  220",",,W","15.0",",,W","19.0",",,W",,,,,,,"    1",",,W"
"USW00003966","ST LOUIS SPIRIT OF ST LOUIS AIRPORT, MO US","38.65752","-90.65577","139.5","2021-11-10","5.82",",,W",,,"0.00",",,W","0.0",",,W","0.0",",,W",,,"70",",,W","50",",,W","  160",",,W","  160",",,W","13.0",",,W","25.1",",,W","    1",",,W",,,,,"    1",",,W"
"USW00003966","ST LOUIS SPIRIT OF ST LOUIS AIRPORT, MO US","38.65752","-90.65577","139.5","2021-11-11","12.30",",,W",,,"0.06",",,W","0.0",",,W","0.0",",,W",,,"60",",,W","44",",,W","  290",",,W","  260",",,W","25.1",",,W","35.1",",,W","    1",",,W",,,,,,
"USW00003966","ST LOUIS SPIRIT OF ST LOUIS AIRPORT, MO US","38.65752","-90.65577","139.5","2021-11-12","14.32",",,W",,,"0.00",",,W","0.0",",,W","0.0",",,W",,,"49",",,W","37",",,W","  250",",,W","  270",",,W","25.9",",,W","40.0",",,W",,,,,,,,
"USW00003966","ST LOUIS SPIRIT OF ST LOUIS AIRPORT, MO US","38.65752","-90.65577","139.5","2021-11-13","8.50",",,W",,,"0.00","T,,W",,,"0.0",",,W",,,"42",",,W","33",",,W","  290",",,W","  280",",,W","19.9",",,W","25.9",",,W",,,,,,,,
"USW00003966","ST LOUIS SPIRIT OF ST LOUIS AIRPORT, MO US","38.65752","-90.65577","139.5","2021-11-14","10.51",",,W",,,"0.08",",,W","0.0",",,W","0.0",",,W",,,"50",",,W","28",",,W","  290",",,W","  300",",,W","25.9",",,W","36.9",",,W","    1",",,W",,,,,,
"USW00003966","ST LOUIS SPIRIT OF ST LOUIS AIRPORT, MO US","38.65752","-90.65577","139.5","2021-11-15","4.03",",,W",,,"0.00","T,,W","0.0",",,W","0.0",",,W",,,"66",",,W","29",",,W","  220",",,W","  200",",,W","17.0",",,W","25.1",",,W",,,,,,,,
"USW00003966","ST LOUIS SPIRIT OF ST LOUIS AIRPORT, MO US","38.65752","-90.65577","139.5","2021-11-16","4.70",",,W",,,"0.00",",,W","0.0",",,W","0.0",",,W",,,"76",",,W","33",",,W","  170",",,W","  150",",,W","19.9",",,W","32.0",",,W",,,,,,,"    1",",,W"
"USW00003966","ST LOUIS SPIRIT OF ST LOUIS AIRPORT, MO US","38.65752","-90.65577","139.5","2021-11-17","7.83",",,W",,,"0.00","T,,W","0.0",",,W","0.0",",,W",,,"71",",,W","46",",,W","  330",",,W","  330",",,W","28.0",",,W","35.1",",,W",,,,,,,"    1",",,W"
"USW00003966","ST LOUIS SPIRIT OF ST LOUIS AIRPORT, MO US","38.65752","-90.65577","139.5","2021-11-18","8.95",",,W",,,"0.00",",,W","0.0",",,W","0.0",",,W",,,"50",",,W","27",",,W","  300",",,W","  270",",,W","23.0",",,W","33.1",",,W",,,,,,,,
"USW00003966","ST LOUIS SPIRIT OF ST LOUIS AIRPORT, MO US","38.65752","-90.65577","139.5","2021-11-19","4.70",",,W",,,"0.00",",,W","0.0",",,W","0.0",",,W",,,"48",",,W","20",",,W","  160",",,W","  150",",,W","12.1",",,W","18.1",",,W",,,,,,,,
"USW00003966","ST LOUIS SPIRIT OF ST LOUIS AIRPORT, MO US","38.65752","-90.65577","139.5","2021-11-20","4.47",",,W",,,"0.00","T,,W","0.0",",,W","0.0",",,W",,,"64",",,W","37",",,W","  210",",,W","  210",",,W","12.1",",,W","16.1",",,W",,,,,,,,
"USW00003966","ST LOUIS SPIRIT OF ST LOUIS AIRPORT, MO US","38.65752","-90.65577","139.5","2021-11-21","4.92",",,W",,,"0.00",",,W","0.0",",,W","0.0",",,W",,,"62",",,W","37",",,W","  350",",,W","  350",",,W","21.0",",,W","33.1",",,W",,,,,,,,
"USW00003966","ST LOUIS SPIRIT OF ST LOUIS AIRPORT, MO US","38.65752","-90.65577","139.5","2021-11-22","3.80",",,W",,,"0.00",",,W","0.0",",,W","0.0",",,W",,,"41",",,W","22",",,W","  290",",,W","  280",",,W","12.1",",,W","16.1",",,W",,,,,,,,
"USW00003966","ST LOUIS SPIRIT OF ST LOUIS AIRPORT, MO US","38.65752","-90.65577","139.5","2021-11-23","5.14",",,W",,,"0.00",",,W","0.0",",,W","0.0",",,W",,,"55",",,W","20",",,W","  200",",,W","  160",",,W","15.0",",,W","25.1",",,W",,,,,,,,
"USW00003966","ST LOUIS SPIRIT OF ST LOUIS AIRPORT, MO US","38.65752","-90.65577","139.5","2021-11-24","9.17",",,W",,,"0.03",",,W","0.0",",,W","0.0",",,W",,,"67",",,W","43",",,W","  200",",,W","  200",",,W","23.0",",,W","34.0",",,W",,,,,,,,
"USW00003966","ST LOUIS SPIRIT OF ST LOUIS AIRPORT, MO US","38.65752","-90.65577","139.5","2021-11-25","11.41",",,W",,,"0.21",",,W","0.0",",,W","0.0",",,W",,,"55",",,W","23",",,W","  300",",,W","  310",",,W","21.0",",,W","27.1",",,W","    1",",,W",,,,,"    1",",,W"
"USW00003966","ST LOUIS SPIRIT OF ST LOUIS AIRPORT, MO US","38.65752","-90.65577","139.5","2021-11-26","3.36",",,W",,,"0.00",",,W","0.0",",,W","0.0",",,W",,,"46",",,W","18",",,W","  170",",,W","  160",",,W","12.1",",,W","17.0",",,W",,,,,,,,
"USW00003966","ST LOUIS SPIRIT OF ST LOUIS AIRPORT, MO US","38.65752","-90.65577","139.5","2021-11-27","3.36",",,W",,,"0.00",",,W","0.0",",,W","0.0",",,W",,,"59",",,W","29",",,W","  230",",,W","  250",",,W","13.0",",,W","17.0",",,W",,,,,,,,
"USW00003966","ST LOUIS SPIRIT OF ST LOUIS AIRPORT, MO US","38.65752","-90.65577","139.5","2021-11-28","6.04",",,W",,,"0.00",",,W","0.0",",,W","0.0",",,W",,,"51",",,W","25",",,W","  330",",,W","  340",",,W","15.0",",,W","23.0",",,W",,,,,,,,
"USW00003966","ST LOUIS SPIRIT OF ST LOUIS AIRPORT, MO US","38.65752","-90.65577","139.5","2021-11-29","5.14",",,W",,,"0.00",",,W","0.0",",,W","0.0",",,W",,,"60",",,W","24",",,W","  200",",,W","  210",",,W","16.1",",,W","27.1",",,W",,,,,,,,
"USW00003966","ST LOUIS SPIRIT OF ST LOUIS AIRPORT, MO US","38.65752","-90.65577","139.5","2021-11-30","2.46",",,W",,,"0.00","T,,W",,,,,,,"57",",,W","36",",,W","  230",",,W","  230",",,W","13.0",",,W","17.0",",,W",,,,,,,,
"USW00003966","ST LOUIS SPIRIT OF ST LOUIS AIRPORT, MO US","38.65752","-90.65577","139.5","2021-12-01","6.26",",,W",,,"0.00","T,,W","0.0",",,W","0.0",",,W",,,"67",",,W","42",",,W","  240",",,W","  230",",,W","15.0",",,W","19.9",",,W",,,,,,,"    1",",,W"
"USW00003966","ST LOUIS SPIRIT OF ST LOUIS AIRPORT, MO US","38.65752","-90.65577","139.5","2021-12-02","6.93",",,W",,,"0.00",",,W","0.0",",,W","0.0",",,W",,,"72",",,W","38",",,W","  230",",,W","  230",",,W","17.0",",,W","25.1",",,W",,,,,,,,
"USW00003966","ST LOUIS SPIRIT OF ST LOUIS AIRPORT, MO US","38.65752","-90.65577","139.5","2021-12-03","2.68",",,W",,,"0.00",",,W","0.0",",,W","0.0",",,W",,,"76",",,W","34",",,W","  230",",,W","  260",",,W","15.0",",,W","19.9",",,W",,,,,,,,
"USW00003966","ST LOUIS SPIRIT OF ST LOUIS AIRPORT, MO US","38.65752","-90.65577","139.5","2021-12-04","5.82",",,W",,,"0.00",",,W","0.0",",,W","0.0",",,W",,,"54",",,W","31",",,W","   50",",,W","   30",",,W","15.0",",,W","21.0",",,W",,,,,,,,
"USW00003966","ST LOUIS SPIRIT OF ST LOUIS AIRPORT, MO US","38.65752","-90.65577","139.5","2021-12-05","5.82",",,W",,,"0.00","T,,W","0.0",",,W","0.0",",,W",,,"62",",,W","33",",,W","  340",",,W","  320",",,W","21.0",",,W","34.0",",,W","    1",",,W",,,,,,
"USW00003966","ST LOUIS SPIRIT OF ST LOUIS AIRPORT, MO US","38.65752","-90.65577","139.5","2021-12-06","13.20",",,W",,,"0.00",",,W","0.0",",,W","0.0",",,W",,,"52",",,W","26",",,W","  310",",,W","  310",",,W","28.0",",,W","35.1",",,W",,,,,,,,
"USW00003966","ST LOUIS SPIRIT OF ST LOUIS AIRPORT, MO US","38.65752","-90.65577","139.5","2021-12-07","4.92",",,W",,,"0.00",",,W","0.0",",,W","0.0",",,W",,,"32",",,W","24",",,W","  140",",,W","  120",",,W","12.1",",,W","16.1",",,W",,,,,,,"    1",",,W"
"USW00003966","ST LOUIS SPIRIT OF ST LOUIS AIRPORT, MO US","38.65752","-90.65577","139.5","2021-12-08","3.36",",,W",,,"0.00",",,W","0.0",",,W","0.0",",,W",,,"50",",,W","21",",,W","  240",",,W","  230",",,W","10.1",",,W","15.0",",,W",,,,,,,,
"USW00003966","ST LOUIS SPIRIT OF ST LOUIS AIRPORT, MO US","38.65752","-90.65577","139.5","2021-12-09","6.26",",,W",,,"0.00",",,W","0.0",",,W","0.0",",,W",,,"68",",,W","35",",,W","  220",",,W","  250",",,W","21.9",",,W","30.0",",,W",,,,,,,,
"USW00003966","ST LOUIS SPIRIT OF ST LOUIS AIRPORT, MO US","38.65752","-90.65577","139.5","2021-12-10","7.61",",,W",,,"0.84",",,W","0.0",",,W","0.0",",,W",,,"69",",,W","31",",,W","  220",",,W","  210",",,W","45.0",",,W","70.0",",,W","    1",",,W","    1",",,W","    1",",,W",,
"USW00003966","ST LOUIS SPIRIT OF ST LOUIS AIRPORT, MO US","38.65752","-90.65577","139.5","2021-12-11","13.65",",,W",,,"0.00",",,W","0.0",",,W","0.0",",,W",,,"66",",,W","27",",,W","  260",",,W","  260",",,W","30.0",",,W","46.1",",,W",,,,,,,,
"USW00003966","ST LOUIS SPIRIT OF ST LOUIS AIRPORT, MO US","38.65752","-90.65577","139.5","2021-12-12","6.49",",,W",,,"0.00",",,W","0.0",",,W","0.0",",,W",,,"55",",,W","26",",,W","  200",",,W","  220",",,W","17.0",",,W","27.1",",,W",,,,,,,,
"USW00003966","ST LOUIS SPIRIT OF ST LOUIS AIRPORT, MO US","38.65752","-90.65577","139.5","2021-12-13","2.01",",,W",,,"0.00",",,W","0.0",",,W","0.0",",,W",,,"61",",,W","25",",,W","  250",",,W","  240",",,W","13.0",",,W","17.0",",,W",,,,,,,,
"USW00003966","ST LOUIS SPIRIT OF ST LOUIS AIRPORT, MO US","38.65752","-90.65577","139.5","2021-12-14","5.14",",,W",,,"0.01",",,W","0.0",",,W","0.0",",,W",,,"68",",,W","32",",,W","  170",",,W","  170",",,W","17.0",",,W","25.9",",,W","    1",",,W",,,,,,
"USW00003966","ST LOUIS SPIRIT OF ST LOUIS AIRPORT, MO US","38.65752","-90.65577","139.5","2021-12-15","12.75",",,W",,,"0.00",",,W","0.0",",,W","0.0",",,W",,,"72",",,W","61",",,W","  200",",,W","  210",",,W","29.1",",,W","45.0",",,W",,,,,,,"    1",",,W"
"USW00003966","ST LOUIS SPIRIT OF ST LOUIS AIRPORT, MO US","38.65752","-90.65577","139.5","2021-12-16","7.83",",,W",,,"0.20",",,W","0.0",",,W","0.0",",,W",,,"71",",,W","28",",,W","  270",",,W","  270",",,W","21.9",",,W","31.1",",,W","    1",",,W",,,,,"    1",",,W"
"USW00003966","ST LOUIS SPIRIT OF ST LOUIS AIRPORT, MO US","38.65752","-90.65577","139.5","2021-12-17","5.59",",,W",,,"0.21",",,W","0.0",",,W","0.0",",,W",,,"40",",,W","26",",,W","   80",",,W","   80",",,W","16.1",",,W","21.9",",,W","    1",",,W",,,,,,
"USW00003966","ST LOUIS SPIRIT OF ST LOUIS AIRPORT, MO US","38.65752","-90.65577","139.5","2021-12-18","8.95",",,W",,,"0.09",",,W","0.0",",,W","0.0",",,W",,,"39",",,W","27",",,W","  310",",,W","  300",",,W","17.0",",,W","23.0",",,W","    1",",,W",,,,,,
"USW00003966","ST LOUIS SPIRIT OF ST LOUIS AIRPORT, MO US","38.65752","-90.65577","139.5","2021-12-19","1.12",",,W",,,"0.00",",,W","0.0",",,W","0.0",",,W",,,"39",",,W","19",",,W","  330",",,W","  300",",,W","6.9",",,W","8.9",",,W","    1",",,W",,,,,"    1",",,W"
"USW00003966","ST LOUIS SPIRIT OF ST LOUIS AIRPORT, MO US","38.65752","-90.65577","139.5","2021-12-20","2.91",",,W",,,"0.00",",,W","0.0",",,W","0.0",",,W",,,"50",",,W","20",",,W","  200",",,W","  210",",,W","13.0",",,W","19.9",",,W","    1",",,W",,,,,,
"USW00003966","ST LOUIS SPIRIT OF ST LOUIS AIRPORT, MO US","38.65752","-90.65577","139.5","2021-12-21","6.26",",,W",,,"0.00",",,W","0.0",",,W","0.0",",,W",,,"51",",,W","21",",,W","  280",",,W","  280",",,W","19.9",",,W","28.0",",,W","    1",",,W",,,,,,
"USW00003966","ST LOUIS SPIRIT OF ST LOUIS AIRPORT, MO US","38.65752","-90.65577","139.5","2021-12-22","3.80",",,W",,,"0.00",",,W","0.0",",,W","0.0",",,W",,,"45",",,W","22",",,W","  290",",,W","  110",",,W","10.1",",,W","14.1",",,W",,,,,,,,
"USW00003966","ST LOUIS SPIRIT OF ST LOUIS AIRPORT, MO US","38.65752","-90.65577","139.5","2021-12-23","6.04",",,W",,,"0.00",",,W","0.0",",,W","0.0",",,W",,,"65",",,W","26",",,W","  220",",,W","  240",",,W","21.0",",,W","29.1",",,W",,,,,,,,
"USW00003966","ST LOUIS SPIRIT OF ST LOUIS AIRPORT, MO US","38.65752","-90.65577","139.5","2021-12-24","7.61",",,W",,,"0.00",",,W","0.0",",,W","0.0",",,W",,,"74",",,W","39",",,W","  220",",,W","  190",",,W","21.0",",,W","34.0",",,W",,,,,,,,
"USW00003966","ST LOUIS SPIRIT OF ST LOUIS AIRPORT, MO US","38.65752","-90.65577","139.5","2021-12-25","5.14",",,W",,,"0.00","T,,W","0.0",",,W","0.0",",,W",,,"67",",,W","36",",,W","  320",",,W","  320",",,W","16.1",",,W","21.0",",,W","    1",",,W","    1",",,W",,,"    1",",,W"
"USW00003966","ST LOUIS SPIRIT OF ST LOUIS AIRPORT, MO US","38.65752","-90.65577","139.5","2021-12-26","6.93",",,W",,,"0.01",",,W","0.0",",,W","0.0",",,W",,,"63",",,W","41",",,W","  120",",,W","  130",",,W","16.1",",,W","27.1",",,W","    1",",,W","    1",",,W",,,"    1",",,W"
"USW00003966","ST LOUIS SPIRIT OF ST LOUIS AIRPORT, MO US","38.65752","-90.65577","139.5","2021-12-27","9.84",",,W",,,"0.00",",,W","0.0",",,W","0.0",",,W",,,"66",",,W","42",",,W","  300",",,W","  300",",,W","19.9",",,W","31.1",",,W",,,,,,,,
"USW00003966","ST LOUIS SPIRIT OF ST LOUIS AIRPORT, MO US","38.65752","-90.65577","139.5","2021-12-28","5.59",",,W",,,"1.20",",,W","0.0",",,W","0.0",",,W",,,"47",",,W","37",",,W","  300",",,W","   60",",,W","17.0",",,W","21.9",",,W","    1",",,W","    1",",,W","    1",",,W",,
"USW00003966","ST LOUIS SPIRIT OF ST LOUIS AIRPORT, MO US","38.65752","-90.65577","139.5","2021-12-29","6.49",",,W",,,"0.04",",,W","0.0",",,W","0.0",",,W",,,"43",",,W","35",",,W","  310",",,W","  310",",,W","14.1",",,W","18.1",",,W","    1",",,W","    1",",,W",,,"    1",",,W"
"USW00003966","ST LOUIS SPIRIT OF ST LOUIS AIRPORT, MO US","38.65752","-90.65577","139.5","2021-12-30","1.79",",,W",,,"0.00",",,W",,,,,,,"48",",,W","37",",,W","  300",",,W","  270",",,W","8.9",",,W","12.1",",,W","    1",",,W","    1",",,W",,,"    1",",,W"
"USW00003966","ST LOUIS SPIRIT OF ST LOUIS AIRPORT, MO US","38.65752","-90.65577","139.5","2021-12-31","3.13",",,W",,,"0.00","T,,W",,,,,,,"67",",,W","36",",,W","  220",",,W","  240",",,W","16.1",",,W","23.0",",,W","    1",",,W","    1",",,W",,,,
"USW00003966","ST LOUIS SPIRIT OF ST LOUIS AIRPORT, MO US","38.65752","-90.65577","139.5","2022-01-01","9.62",",,W",,,"0.51",",,W",,,"0.0",",,W",,,"49",",,W","25",",,W","  320",",,W","  310",",,W","17.0",",,W","23.9",",,W","    1",",,W",,,,,,
